« -3.351,23.950,3.992,4.016,4.014,4.017,4.018,4.021,1133.891
-4.082,23.810,3.969,3.998,3.996,3.998,3.999,4.004,1134.914
-4.432,23.760,3.956,3.988,3.986,3.988,3.990,3.994,1135.936
-4.811,23.700,3.943,3.978,3.975,3.977,3.979,3.983,1136.959
-4.917,23.670,3.938,3.973,3.971,3.972,3.974,3.980,1137.984
-4.932,23.650,3.935,3.970,3.968,3.970,3.972,3.976,1139.006
-4.942,23.640,3.933,3.968,3.966,3.967,3.970,3.974,1140.029
-4.959,23.620,3.931,3.966,3.964,3.965,3.967,3.972,1141.051
-4.939,23.610,3.929,3.965,3.962,3.964,3.966,3.971,1142.074
-4.944,23.600,3.928,3.963,3.961,3.962,3.964,3.969,1143.097
-4.944,23.600,3.926,3.962,3.959,3.961,3.963,3.967,1144.119
-4.944,23.590,3.925,3.960,3.958,3.959,3.961,3.966,1145.142
-4.945,23.580,3.923,3.959,3.957,3.958,3.960,3.965,1146.165
-4.941,23.580,3.922,3.957,3.955,3.957,3.958,3.963,1147.187
-4.944,23.560,3.921,3.956,3.954,3.956,3.957,3.962,1148.211
-4.941,23.560,3.920,3.955,3.953,3.955,3.956,3.961,1149.233
-4.944,23.550,3.919,3.954,3.952,3.954,3.956,3.960,1150.256
-4.957,23.540,3.918,3.953,3.951,3.953,3.954,3.959,1151.278
-4.960,23.530,3.917,3.952,3.950,3.952,3.953,3.958,1152.301
-4.953,23.530,3.916,3.951,3.949,3.950,3.952,3.957,1153.325
-4.948,23.520,3.915,3.950,3.948,3.950,3.951,3.956,1154.347
-4.954,23.520,3.914,3.949,3.947,3.949,3.951,3.955,1155.370
-4.956,23.510,3.913,3.948,3.946,3.948,3.950,3.954,1156.392
-4.951,23.510,3.912,3.948,3.946,3.947,3.949,3.953,1157.414
-4.947,23.500,3.912,3.947,3.945,3.947,3.948,3.953,1158.439
-4.953,23.500,3.911,3.946,3.944,3.946,3.948,3.952,1159.461
-4.950,23.500,3.910,3.946,3.943,3.945,3.947,3.951,1160.484
-4.945,23.490,3.910,3.945,3.943,3.945,3.946,3.951,1161.505
-4.947,23.490,3.909,3.944,3.942,3.944,3.946,3.950,1162.528
-4.951,23.480,3.908,3.944,3.942,3.943,3.945,3.949,1163.550
-4.948,23.480,3.908,3.943,3.941,3.943,3.944,3.949,1164.572
-4.950,23.480,3.907,3.943,3.940,3.942,3.944,3.948,1165.594
-4.951,23.470,3.907,3.942,3.940,3.942,3.943,3.948,1166.617
-4.951,23.470,3.906,3.941,3.940,3.941,3.943,3.947,1167.640
-4.950,23.470,3.905,3.941,3.939,3.941,3.942,3.946,1168.665
-4.951,23.460,3.905,3.940,3.939,3.940,3.942,3.946,1169.688
-4.947,23.460,3.904,3.940,3.937,3.940,3.941,3.945,1170.711
-4.951,23.460,3.904,3.940,3.937,3.939,3.941,3.945,1171.733
-4.951,23.450,3.904,3.938,3.937,3.939,3.940,3.944,1172.756
-4.950,23.460,3.903,3.939,3.936,3.938,3.940,3.944,1173.779
-4.951,23.470,3.903,3.938,3.936,3.938,3.940,3.944,1174.802
-4.963,23.450,3.902,3.938,3.936,3.937,3.939,3.943,1175.824
-4.960,23.440,3.902,3.937,3.935,3.937,3.939,3.942,1176.847
-4.950,23.450,3.901,3.937,3.935,3.936,3.938,3.942,1177.870
-4.953,23.440,3.901,3.936,3.934,3.936,3.938,3.942,1178.895
-4.950,23.440,3.901,3.936,3.934,3.936,3.937,3.941,1179.918
-4.956,23.440,3.900,3.936,3.934,3.935,3.937,3.941,1180.941
-4.953,23.440,3.900,3.935,3.933,3.935,3.937,3.941,1181.963
-4.954,23.430,3.900,3.935,3.933,3.935,3.936,3.941,1182.986
-4.956,23.430,3.899,3.935,3.932,3.935,3.936,3.940,1184.009
-4.951,23.430,3.899,3.934,3.932,3.934,3.936,3.940,1185.031
-4.951,23.430,3.898,3.934,3.932,3.934,3.935,3.939,1186.054
-4.953,23.430,3.898,3.934,3.932,3.934,3.935,3.939,1187.077
-4.959,23.430,3.898,3.934,3.931,3.933,3.934,3.939,1188.099
-4.951,23.430,3.898,3.933,3.931,3.933,3.934,3.938,1189.124
-4.951,23.420,3.897,3.933,3.931,3.932,3.934,3.938,1190.146
-4.956,23.420,3.897,3.932,3.930,3.932,3.934,3.938,1191.168
-4.954,23.410,3.897,3.932,3.930,3.932,3.933,3.937,1192.190
-4.953,23.410,3.897,3.932,3.930,3.932,3.933,3.937,1193.212
-4.954,23.420,3.896,3.932,3.930,3.931,3.933,3.937,1194.234
-4.960,23.410,3.896,3.932,3.929,3.931,3.933,3.936,1195.256
-4.953,23.410,3.896,3.931,3.929,3.931,3.932,3.937,1196.279
-4.954,23.410,3.895,3.930,3.929,3.931,3.932,3.936,1197.302
-4.962,23.400,3.895,3.931,3.928,3.930,3.932,3.936,1198.324
-4.963,23.410,3.895,3.930,3.928,3.930,3.931,3.936,1199.349
-4.951,23.420,3.895,3.930,3.928,3.930,3.931,3.935,1200.371
-4.954,23.410,3.894,3.930,3.927,3.930,3.931,3.935,1201.394
-4.956,23.400,3.894,3.930,3.928,3.929,3.931,3.935,1202.416
-4.951,23.420,3.894,3.929,3.927,3.929,3.930,3.935,1203.439
-4.954,23.400,3.893,3.929,3.927,3.929,3.930,3.934,1204.462
-4.956,23.400,3.893,3.929,3.927,3.929,3.930,3.934,1205.484
-4.953,23.400,3.893,3.928,3.926,3.928,3.930,3.934,1206.507
-4.963,23.390,3.893,3.928,3.926,3.928,3.929,3.934,1207.530
-4.957,23.390,3.893,3.928,3.926,3.928,3.929,3.933,1208.553
-4.956,23.400,3.893,3.928,3.926,3.928,3.929,3.933,1209.577
-4.957,23.390,3.892,3.928,3.926,3.928,3.929,3.933,1210.599
-4.963,23.380,3.892,3.927,3.925,3.927,3.929,3.933,1211.622
-4.954,23.390,3.891,3.927,3.925,3.927,3.928,3.932,1212.644
-4.954,23.390,3.891,3.927,3.925,3.927,3.928,3.933,1213.667
-4.953,23.380,3.891,3.927,3.925,3.927,3.928,3.932,1214.690
-4.957,23.380,3.891,3.927,3.925,3.927,3.928,3.932,1215.712
-4.954,23.380,3.891,3.926,3.924,3.926,3.928,3.931,1216.735
-4.954,23.370,3.891,3.926,3.924,3.926,3.927,3.931,1217.757
-4.959,23.380,3.890,3.926,3.924,3.926,3.927,3.931,1218.780
-4.959,23.370,3.890,3.926,3.924,3.926,3.927,3.931,1219.805
-4.951,23.380,3.890,3.926,3.923,3.925,3.927,3.931,1220.828
-4.974,23.370,3.890,3.925,3.923,3.925,3.926,3.931,1221.851
-4.968,23.370,3.889,3.925,3.923,3.925,3.926,3.930,1222.873
-4.956,23.370,3.889,3.925,3.923,3.925,3.926,3.930,1223.895
-4.954,23.370,3.889,3.925,3.923,3.925,3.925,3.930,1224.917
-4.956,23.370,3.889,3.925,3.923,3.924,3.926,3.930,1225.940
-4.960,23.360,3.889,3.924,3.923,3.924,3.926,3.929,1226.963
-4.953,23.370,3.889,3.925,3.922,3.924,3.925,3.930,1227.985
-4.959,23.360,3.888,3.924,3.922,3.924,3.925,3.929,1229.007
-4.954,23.360,3.888,3.924,3.921,3.924,3.925,3.929,1230.031
-4.966,23.360,3.888,3.924,3.922,3.923,3.925,3.929,1231.053
-4.962,23.370,3.888,3.923,3.922,3.923,3.924,3.929,1232.076
-4.956,23.360,3.888,3.923,3.921,3.923,3.924,3.928,1233.099
-4.959,23.360,3.888,3.923,3.921,3.923,3.924,3.928,1234.122
-4.953,23.360,3.888,3.923,3.921,3.923,3.924,3.928,1235.144
-4.957,23.360,3.887,3.923,3.921,3.922,3.924,3.928,1236.167
-4.959,23.360,3.887,3.923,3.920,3.922,3.924,3.928,1237.188
-4.956,23.350,3.887,3.923,3.920,3.922,3.923,3.928,1238.210
-4.960,23.350,3.887,3.922,3.920,3.922,3.923,3.927,1239.232
-4.954,23.350,3.886,3.922,3.920,3.922,3.923,3.927,1240.256
-4.956,23.350,3.886,3.922,3.920,3.921,3.923,3.927,1241.278
-4.956,23.350,3.886,3.922,3.920,3.922,3.923,3.927,1242.300
-4.950,23.350,3.886,3.922,3.919,3.921,3.923,3.927,1243.323
-4.951,23.350,3.886,3.921,3.919,3.921,3.922,3.926,1244.346
-4.963,23.350,3.886,3.921,3.919,3.921,3.922,3.926,1245.368
-4.966,23.350,3.885,3.921,3.918,3.921,3.922,3.926,1246.391
-4.959,23.340,3.885,3.920,3.918,3.921,3.922,3.926,1247.412
-4.954,23.340,3.885,3.921,3.918,3.920,3.922,3.926,1248.434
-4.954,23.340,3.885,3.920,3.918,3.920,3.921,3.925,1249.456
-4.951,23.350,3.885,3.920,3.918,3.920,3.921,3.925,1250.480
-4.960,23.340,3.884,3.920,3.918,3.920,3.921,3.925,1251.503
-4.953,23.340,3.884,3.920,3.918,3.920,3.921,3.925,1252.524
-4.959,23.340,3.884,3.920,3.918,3.919,3.921,3.925,1253.547
-4.956,23.340,3.884,3.920,3.917,3.919,3.921,3.924,1254.569
-4.956,23.340,3.884,3.919,3.917,3.919,3.920,3.924,1255.592
-4.957,23.330,3.883,3.919,3.917,3.919,3.920,3.924,1256.615
-4.959,23.340,3.883,3.919,3.917,3.918,3.920,3.924,1257.638
-4.951,23.330,3.883,3.919,3.917,3.918,3.920,3.924,1258.660
-4.957,23.330,3.883,3.919,3.916,3.918,3.920,3.924,1259.682
-4.956,23.330,3.883,3.918,3.916,3.918,3.919,3.923,1260.707
-4.954,23.330,3.883,3.918,3.916,3.918,3.919,3.923,1261.730
-4.954,23.330,3.882,3.917,3.916,3.918,3.919,3.923,1262.753
-4.954,23.330,3.882,3.918,3.916,3.918,3.919,3.923,1263.776
-4.954,23.330,3.882,3.918,3.915,3.917,3.919,3.923,1264.798
-4.951,23.330,3.882,3.917,3.915,3.917,3.919,3.923,1265.821
-4.962,23.320,3.881,3.917,3.915,3.917,3.918,3.922,1266.844
-4.951,23.330,3.881,3.917,3.915,3.917,3.918,3.922,1267.866
-4.962,23.330,3.881,3.917,3.915,3.917,3.918,3.922,1268.889
-4.966,23.330,3.881,3.916,3.915,3.917,3.918,3.921,1269.911
-4.956,23.320,3.880,3.916,3.914,3.916,3.917,3.921,1270.936
-4.957,23.320,3.881,3.916,3.914,3.916,3.917,3.921,1271.958
-4.953,23.320,3.880,3.916,3.914,3.916,3.917,3.921,1272.981
-4.953,23.320,3.880,3.916,3.914,3.916,3.917,3.921,1274.004
-4.956,23.310,3.880,3.916,3.914,3.915,3.917,3.921,1275.026
-4.950,23.320,3.880,3.916,3.913,3.915,3.917,3.921,1276.049
-4.951,23.320,3.880,3.915,3.913,3.915,3.916,3.920,1277.072
-4.960,23.310,3.880,3.915,3.913,3.915,3.916,3.920,1278.095
-4.950,23.310,3.880,3.915,3.912,3.915,3.916,3.920,1279.117
-4.950,23.310,3.879,3.915,3.913,3.914,3.916,3.919,1280.140
-4.951,23.310,3.879,3.915,3.913,3.914,3.916,3.919,1281.165
-4.951,23.300,3.879,3.914,3.912,3.914,3.916,3.919,1282.187
-4.953,23.300,3.878,3.914,3.912,3.914,3.915,3.919,1283.210
-4.956,23.310,3.878,3.914,3.912,3.914,3.915,3.919,1284.232
-4.957,23.300,3.878,3.914,3.912,3.913,3.914,3.919,1285.255
-4.954,23.300,3.878,3.914,3.911,3.913,3.915,3.919,1286.278
-4.950,23.310,3.878,3.913,3.911,3.913,3.914,3.919,1287.301
-4.950,23.310,3.877,3.913,3.911,3.913,3.914,3.918,1288.324
-4.948,23.300,3.877,3.913,3.910,3.913,3.914,3.918,1289.346
-4.947,23.300,3.877,3.913,3.911,3.913,3.914,3.918,1290.369
-4.957,23.300,3.877,3.913,3.910,3.913,3.914,3.917,1291.393
-4.962,23.300,3.877,3.913,3.910,3.912,3.914,3.917,1292.416
-4.963,23.290,3.876,3.912,3.910,3.912,3.913,3.917,1293.438
-4.950,23.290,3.876,3.912,3.910,3.912,3.913,3.917,1294.461
-4.951,23.300,3.876,3.912,3.909,3.911,3.913,3.917,1295.483
-4.951,23.290,3.876,3.911,3.909,3.911,3.913,3.916,1296.506
-4.951,23.290,3.876,3.911,3.909,3.911,3.912,3.916,1297.529
-4.948,23.290,3.875,3.911,3.909,3.911,3.913,3.916,1298.551
-4.959,23.290,3.875,3.911,3.909,3.911,3.912,3.916,1299.574
-4.950,23.290,3.875,3.911,3.908,3.910,3.912,3.915,1300.597
-4.950,23.280,3.875,3.910,3.908,3.910,3.911,3.915,1301.620
-4.954,23.290,3.874,3.910,3.908,3.910,3.911,3.915,1302.642
-4.951,23.280,3.874,3.910,3.908,3.910,3.911,3.915,1303.665
-4.953,23.290,3.874,3.910,3.908,3.910,3.911,3.915,1304.688
-4.948,23.280,3.874,3.909,3.908,3.909,3.911,3.915,1305.709
-4.953,23.280,3.874,3.909,3.907,3.909,3.911,3.914,1306.732
-4.953,23.280,3.873,3.909,3.907,3.909,3.910,3.914,1307.755
-4.954,23.270,3.873,3.909,3.907,3.909,3.910,3.914,1308.778
-4.951,23.280,3.873,3.909,3.906,3.908,3.910,3.914,1309.800
-4.954,23.270,3.873,3.909,3.906,3.908,3.910,3.914,1310.823
-4.956,23.270,3.873,3.908,3.906,3.908,3.910,3.913,1311.848
-4.960,23.280,3.873,3.908,3.906,3.908,3.909,3.913,1312.870
-4.948,23.270,3.872,3.908,3.905,3.908,3.909,3.913,1313.893
-4.957,23.280,3.872,3.908,3.905,3.908,3.909,3.912,1314.916
-4.959,23.270,3.872,3.908,3.905,3.908,3.909,3.912,1315.937
-4.963,23.270,3.871,3.907,3.905,3.907,3.908,3.912,1316.960
-4.950,23.270,3.871,3.907,3.904,3.907,3.908,3.912,1317.981
-4.960,23.270,3.871,3.907,3.905,3.907,3.908,3.911,1319.004
-4.962,23.260,3.871,3.906,3.905,3.906,3.908,3.911,1320.026
-4.953,23.270,3.871,3.906,3.904,3.906,3.907,3.911,1321.049
-4.953,23.260,3.871,3.907,3.904,3.906,3.907,3.911,1322.074
-4.953,23.260,3.870,3.906,3.904,3.906,3.907,3.911,1323.096
-4.950,23.260,3.870,3.906,3.904,3.905,3.907,3.911,1324.119
-4.954,23.250,3.870,3.905,3.903,3.905,3.907,3.910,1325.141
-4.950,23.260,3.869,3.905,3.903,3.905,3.906,3.910,1326.164
-4.953,23.260,3.869,3.905,3.903,3.905,3.906,3.910,1327.187
-4.954,23.260,3.869,3.905,3.902,3.904,3.906,3.909,1328.209
-4.954,23.260,3.869,3.905,3.902,3.904,3.906,3.909,1329.232
-4.950,23.250,3.869,3.904,3.902,3.904,3.906,3.909,1330.254
-4.954,23.250,3.868,3.904,3.902,3.904,3.905,3.909,1331.276
-4.953,23.240,3.868,3.904,3.901,3.904,3.905,3.909,1332.302
-4.954,23.240,3.867,3.903,3.902,3.903,3.905,3.909,1333.324
-4.951,23.250,3.868,3.904,3.901,3.903,3.904,3.908,1334.347
-4.953,23.240,3.868,3.903,3.901,3.903,3.904,3.908,1335.370
-4.953,23.250,3.867,3.903,3.901,3.903,3.904,3.908,1336.393
-4.948,23.250,3.867,3.903,3.900,3.903,3.904,3.907,1337.415
-4.951,23.240,3.867,3.903,3.900,3.903,3.904,3.907,1338.437
-4.960,23.240,3.866,3.903,3.900,3.902,3.904,3.907,1339.459
-4.962,23.230,3.866,3.902,3.900,3.902,3.903,3.907,1340.482
-4.948,23.230,3.866,3.902,3.899,3.901,3.903,3.906,1341.505
-4.950,23.230,3.866,3.901,3.899,3.902,3.903,3.907,1342.530
-4.948,23.230,3.866,3.902,3.899,3.901,3.902,3.906,1343.552
-4.945,23.220,3.865,3.901,3.899,3.901,3.902,3.906,1344.574
-4.954,23.220,3.865,3.901,3.898,3.901,3.902,3.906,1345.596
-4.954,23.220,3.865,3.900,3.898,3.900,3.902,3.905,1346.618
-4.950,23.230,3.865,3.900,3.898,3.900,3.902,3.905,1347.641
-4.951,23.230,3.865,3.900,3.898,3.900,3.902,3.905,1348.664
-4.956,23.220,3.864,3.900,3.898,3.900,3.901,3.904,1349.687
-4.957,23.210,3.864,3.900,3.897,3.899,3.901,3.904,1350.709
-4.944,23.220,3.864,3.899,3.897,3.899,3.900,3.904,1351.732
-4.948,23.210,3.863,3.899,3.897,3.899,3.900,3.904,1352.757
-4.953,23.220,3.863,3.899,3.897,3.899,3.900,3.904,1353.780
-4.950,23.210,3.863,3.899,3.896,3.899,3.900,3.904,1354.803
-4.953,23.210,3.862,3.898,3.896,3.898,3.900,3.903,1355.826
-4.954,23.200,3.862,3.898,3.896,3.898,3.899,3.903,1356.849
-4.950,23.200,3.862,3.898,3.896,3.898,3.899,3.903,1357.872
-4.947,23.210,3.862,3.898,3.895,3.897,3.899,3.902,1358.893
-4.951,23.200,3.861,3.897,3.895,3.897,3.898,3.902,1359.915
-4.953,23.210,3.861,3.897,3.895,3.897,3.898,3.902,1360.937
-4.954,23.200,3.861,3.897,3.895,3.897,3.898,3.901,1361.960
-4.959,23.200,3.861,3.897,3.894,3.896,3.897,3.901,1362.985
-4.962,23.200,3.861,3.896,3.894,3.896,3.897,3.901,1364.008
-4.953,23.190,3.860,3.896,3.893,3.896,3.897,3.901,1365.030
-4.953,23.200,3.860,3.896,3.894,3.896,3.897,3.900,1366.052
-4.953,23.190,3.860,3.896,3.893,3.895,3.897,3.900,1367.075
-4.953,23.190,3.859,3.895,3.893,3.895,3.896,3.899,1368.097
-4.948,23.190,3.859,3.895,3.892,3.895,3.896,3.899,1369.120
-4.951,23.190,3.859,3.895,3.892,3.894,3.896,3.899,1370.143
-4.950,23.190,3.858,3.894,3.892,3.894,3.895,3.899,1371.165
-4.956,23.190,3.858,3.894,3.892,3.894,3.895,3.899,1372.187
-4.950,23.190,3.858,3.894,3.891,3.894,3.895,3.898,1373.212
-4.950,23.180,3.858,3.893,3.891,3.893,3.894,3.898,1374.234
-4.954,23.180,3.857,3.893,3.891,3.893,3.894,3.898,1375.257
-4.951,23.170,3.857,3.893,3.891,3.893,3.894,3.897,1376.279
-4.950,23.180,3.857,3.893,3.890,3.893,3.894,3.897,1377.301
-4.950,23.180,3.857,3.893,3.890,3.892,3.894,3.897,1378.324
-4.951,23.180,3.856,3.892,3.890,3.892,3.893,3.896,1379.346
-4.950,23.170,3.856,3.892,3.890,3.891,3.893,3.896,1380.369
-4.950,23.170,3.856,3.892,3.889,3.891,3.893,3.896,1381.392
-4.950,23.170,3.856,3.891,3.889,3.891,3.892,3.896,1382.414
-4.951,23.170,3.855,3.891,3.888,3.891,3.892,3.896,1383.438
-4.948,23.170,3.855,3.891,3.888,3.891,3.892,3.895,1384.460
-4.953,23.160,3.855,3.891,3.888,3.890,3.891,3.895,1385.482
-4.962,23.160,3.854,3.890,3.888,3.890,3.891,3.895,1386.504
-4.965,23.160,3.854,3.890,3.887,3.889,3.891,3.894,1387.527
-4.947,23.160,3.853,3.889,3.887,3.889,3.891,3.894,1388.549
-4.950,23.160,3.853,3.889,3.887,3.889,3.890,3.893,1389.572
-4.948,23.160,3.853,3.889,3.887,3.888,3.890,3.893,1390.595
-4.947,23.150,3.853,3.889,3.886,3.888,3.890,3.893,1391.618
-4.951,23.150,3.852,3.888,3.886,3.888,3.889,3.893,1392.640
-4.950,23.150,3.852,3.888,3.886,3.888,3.889,3.892,1393.664
-4.954,23.150,3.852,3.888,3.885,3.887,3.889,3.892,1394.686
-4.951,23.150,3.851,3.888,3.885,3.887,3.889,3.892,1395.708
-4.959,23.150,3.851,3.887,3.885,3.887,3.888,3.891,1396.730
-4.951,23.150,3.851,3.887,3.885,3.887,3.888,3.891,1397.753
-4.951,23.140,3.851,3.886,3.884,3.886,3.887,3.891,1398.775
-4.959,23.140,3.850,3.886,3.884,3.886,3.887,3.890,1399.798
-4.959,23.140,3.850,3.886,3.884,3.886,3.887,3.890,1400.821
-4.953,23.140,3.850,3.886,3.883,3.885,3.887,3.890,1401.843
-4.948,23.130,3.849,3.885,3.883,3.885,3.887,3.890,1402.866
-4.950,23.140,3.849,3.884,3.883,3.885,3.886,3.889,1403.891
-4.950,23.130,3.849,3.885,3.882,3.884,3.885,3.889,1404.913
-4.950,23.130,3.848,3.884,3.882,3.884,3.885,3.889,1405.936
-4.948,23.130,3.848,3.884,3.881,3.884,3.885,3.888,1406.957
-4.948,23.120,3.848,3.883,3.881,3.884,3.884,3.888,1407.980
-4.951,23.120,3.847,3.883,3.881,3.883,3.884,3.888,1409.002
-4.963,23.110,3.847,3.883,3.881,3.882,3.884,3.888,1410.025
-4.963,23.120,3.846,3.883,3.880,3.883,3.884,3.887,1411.048
-4.956,23.120,3.846,3.882,3.880,3.882,3.883,3.887,1412.071
-4.957,23.110,3.846,3.882,3.880,3.882,3.883,3.887,1413.093
-4.957,23.120,3.846,3.882,3.879,3.882,3.883,3.886,1414.117
-4.953,23.110,3.845,3.881,3.879,3.881,3.882,3.886,1415.139
-4.948,23.110,3.845,3.881,3.879,3.881,3.882,3.886,1416.162
-4.951,23.120,3.845,3.881,3.878,3.881,3.882,3.885,1417.185
-4.951,23.110,3.844,3.880,3.878,3.880,3.882,3.885,1418.208
-4.950,23.110,3.844,3.880,3.878,3.880,3.881,3.884,1419.230
-4.947,23.110,3.844,3.880,3.877,3.879,3.881,3.884,1420.253
-4.953,23.100,3.843,3.880,3.877,3.879,3.880,3.884,1421.276
-4.950,23.100,3.843,3.879,3.877,3.879,3.880,3.884,1422.299
-4.944,23.090,3.842,3.879,3.876,3.879,3.880,3.883,1423.322
-4.950,23.100,3.843,3.878,3.876,3.878,3.879,3.883,1424.346
-4.953,23.090,3.842,3.878,3.876,3.878,3.879,3.883,1425.369
-4.956,23.090,3.842,3.878,3.875,3.878,3.879,3.882,1426.392
-4.954,23.090,3.841,3.878,3.875,3.877,3.878,3.882,1427.414
-4.953,23.080,3.841,3.877,3.875,3.877,3.878,3.882,1428.436
-4.954,23.090,3.841,3.876,3.874,3.876,3.878,3.882,1429.458
-4.950,23.090,3.840,3.876,3.874,3.876,3.877,3.881,1430.480
-4.950,23.070,3.840,3.876,3.873,3.876,3.877,3.881,1431.502
-4.945,23.070,3.839,3.876,3.873,3.876,3.877,3.880,1432.524
-4.960,23.070,3.839,3.875,3.873,3.875,3.876,3.880,1433.547
-4.957,23.070,3.839,3.875,3.873,3.875,3.876,3.879,1434.571
-4.950,23.060,3.838,3.874,3.872,3.874,3.876,3.879,1435.594
-4.951,23.060,3.838,3.874,3.872,3.874,3.875,3.879,1436.617
-4.945,23.060,3.838,3.874,3.871,3.874,3.875,3.879,1437.638
-4.951,23.060,3.838,3.873,3.871,3.873,3.875,3.878,1438.661
-4.950,23.060,3.837,3.873,3.871,3.872,3.874,3.878,1439.683
-4.951,23.060,3.837,3.873,3.870,3.873,3.874,3.877,1440.706
-4.957,23.060,3.836,3.872,3.870,3.872,3.873,3.877,1441.729
-4.950,23.060,3.836,3.872,3.869,3.872,3.873,3.877,1442.752
-4.951,23.060,3.836,3.872,3.869,3.871,3.873,3.877,1443.775
-4.950,23.050,3.835,3.871,3.869,3.871,3.872,3.876,1444.799
-4.951,23.050,3.835,3.871,3.869,3.871,3.872,3.875,1445.822
-4.953,23.050,3.835,3.871,3.868,3.870,3.872,3.875,1446.845
-4.953,23.040,3.834,3.870,3.868,3.870,3.871,3.875,1447.867
-4.951,23.030,3.834,3.870,3.868,3.870,3.871,3.875,1448.890
-4.953,23.040,3.834,3.869,3.867,3.869,3.870,3.874,1449.913
-4.945,23.030,3.833,3.869,3.867,3.869,3.870,3.874,1450.936
-4.944,23.040,3.833,3.869,3.866,3.868,3.870,3.873,1451.959
-4.948,23.040,3.832,3.869,3.866,3.868,3.870,3.873,1452.982
-4.953,23.030,3.832,3.868,3.866,3.868,3.869,3.873,1454.004
-4.950,23.030,3.832,3.868,3.865,3.868,3.869,3.872,1455.029
-4.959,23.030,3.832,3.867,3.865,3.867,3.869,3.872,1456.052
-4.962,23.020,3.831,3.867,3.864,3.867,3.868,3.872,1457.074
-4.947,23.040,3.830,3.866,3.864,3.866,3.867,3.871,1458.097
-4.948,23.020,3.830,3.866,3.864,3.866,3.867,3.871,1459.120
-4.950,23.020,3.830,3.866,3.863,3.865,3.867,3.871,1460.143
-4.957,23.010,3.829,3.865,3.863,3.865,3.867,3.870,1461.166
-4.950,23.020,3.829,3.865,3.863,3.865,3.866,3.870,1462.189
-4.942,23.010,3.829,3.865,3.863,3.864,3.866,3.870,1463.211
-4.948,23.010,3.828,3.864,3.862,3.864,3.865,3.869,1464.234
-4.945,23.010,3.828,3.864,3.861,3.864,3.865,3.869,1465.259
-4.950,23.010,3.827,3.864,3.861,3.864,3.865,3.868,1466.281
-4.948,23.010,3.827,3.863,3.861,3.863,3.864,3.868,1467.303
-4.950,23.000,3.827,3.863,3.860,3.862,3.864,3.868,1468.326
-4.950,23.000,3.826,3.862,3.860,3.862,3.864,3.867,1469.348
-4.945,23.000,3.826,3.862,3.860,3.862,3.863,3.867,1470.370
-4.948,23.000,3.826,3.862,3.859,3.861,3.863,3.866,1471.393
-4.951,22.990,3.825,3.862,3.859,3.861,3.862,3.866,1472.415
-4.951,22.990,3.825,3.861,3.859,3.861,3.862,3.866,1473.437
-4.953,22.980,3.824,3.861,3.858,3.861,3.862,3.865,1474.459
-4.950,22.990,3.824,3.860,3.858,3.860,3.861,3.865,1475.483
-4.948,22.980,3.824,3.860,3.858,3.859,3.861,3.865,1476.505
-4.948,22.980,3.823,3.859,3.857,3.859,3.861,3.864,1477.528
-4.953,22.980,3.823,3.859,3.857,3.859,3.860,3.864,1478.550
-4.963,22.980,3.823,3.859,3.856,3.858,3.860,3.863,1479.572
-4.957,22.970,3.822,3.858,3.856,3.858,3.859,3.863,1480.595
-4.959,22.970,3.821,3.858,3.856,3.858,3.859,3.862,1481.618
-4.957,22.970,3.822,3.857,3.855,3.857,3.858,3.862,1482.641
-4.953,22.960,3.821,3.857,3.855,3.857,3.858,3.862,1483.663
-4.947,22.960,3.820,3.857,3.855,3.857,3.858,3.862,1484.686
-4.947,22.960,3.820,3.856,3.854,3.856,3.857,3.861,1485.711
-4.951,22.960,3.820,3.856,3.853,3.856,3.857,3.861,1486.733
-4.945,22.960,3.820,3.856,3.853,3.855,3.857,3.860,1487.755
-4.953,22.950,3.819,3.855,3.853,3.855,3.856,3.860,1488.777
-4.950,22.950,3.819,3.855,3.853,3.854,3.856,3.860,1489.799
-4.948,22.950,3.818,3.854,3.852,3.854,3.856,3.859,1490.822
-4.951,22.950,3.818,3.854,3.852,3.854,3.855,3.859,1491.845
-4.948,22.950,3.818,3.854,3.851,3.853,3.855,3.859,1492.868
-4.947,22.950,3.817,3.854,3.850,3.853,3.854,3.858,1493.890
-4.951,22.950,3.817,3.853,3.851,3.853,3.854,3.857,1494.912
-4.951,22.940,3.816,3.853,3.850,3.852,3.854,3.857,1495.936
-4.950,22.940,3.816,3.852,3.850,3.852,3.853,3.857,1496.959
-4.953,22.940,3.816,3.852,3.849,3.851,3.853,3.857,1497.982
-4.950,22.930,3.815,3.851,3.849,3.851,3.852,3.856,1499.005
-4.951,22.930,3.815,3.851,3.849,3.851,3.852,3.856,1500.027
-4.948,22.920,3.814,3.851,3.848,3.850,3.852,3.855,1501.049
-4.954,22.920,3.814,3.850,3.848,3.850,3.851,3.855,1502.072
-4.963,22.930,3.814,3.850,3.847,3.849,3.851,3.855,1503.094
-4.959,22.920,3.813,3.849,3.847,3.849,3.850,3.854,1504.117
-4.948,22.920,3.812,3.849,3.846,3.849,3.850,3.854,1505.140
-4.945,22.910,3.813,3.849,3.846,3.848,3.850,3.854,1506.165
-4.948,22.910,3.812,3.848,3.846,3.848,3.849,3.853,1507.187
-4.947,22.910,3.812,3.848,3.846,3.848,3.849,3.853,1508.210
-4.953,22.910,3.811,3.847,3.845,3.847,3.848,3.852,1509.232
-4.945,22.900,3.811,3.847,3.845,3.847,3.848,3.852,1510.254
-4.951,22.900,3.810,3.846,3.844,3.847,3.848,3.851,1511.277
-4.947,22.900,3.810,3.846,3.844,3.846,3.847,3.850,1512.300
-4.948,22.900,3.810,3.846,3.843,3.846,3.847,3.851,1513.323
-4.947,22.900,3.810,3.846,3.843,3.845,3.846,3.850,1514.345
-4.947,22.890,3.809,3.845,3.843,3.845,3.846,3.850,1515.368
-4.968,22.890,3.808,3.845,3.842,3.844,3.845,3.850,1516.393
-4.948,22.890,3.808,3.844,3.842,3.844,3.845,3.849,1517.415
-4.945,22.890,3.808,3.844,3.842,3.844,3.845,3.848,1518.438
-4.948,22.880,3.808,3.843,3.841,3.843,3.845,3.848,1519.461
-4.951,22.890,3.807,3.843,3.841,3.842,3.844,3.848,1520.484
-4.950,22.880,3.806,3.843,3.840,3.843,3.844,3.848,1521.507
-4.954,22.870,3.806,3.842,3.840,3.842,3.844,3.847,1522.530
-4.944,22.870,3.806,3.842,3.839,3.842,3.843,3.847,1523.552
-4.948,22.870,3.806,3.842,3.839,3.842,3.843,3.847,1524.575
-4.951,22.870,3.805,3.841,3.839,3.841,3.843,3.846,1525.598
-4.956,22.870,3.805,3.841,3.839,3.841,3.842,3.846,1526.624
-4.957,22.870,3.804,3.840,3.838,3.840,3.842,3.845,1527.647
-4.957,22.860,3.804,3.840,3.838,3.839,3.841,3.845,1528.669
-4.947,22.860,3.804,3.840,3.837,3.839,3.841,3.844,1529.692
-4.948,22.860,3.803,3.839,3.837,3.839,3.840,3.844,1530.715
-4.948,22.860,3.803,3.839,3.837,3.839,3.840,3.844,1531.738
-4.942,22.860,3.803,3.839,3.836,3.839,3.840,3.843,1532.761
-4.944,22.850,3.802,3.839,3.836,3.838,3.840,3.843,1533.783
-4.953,22.850,3.802,3.838,3.836,3.837,3.839,3.843,1534.805
-4.954,22.850,3.801,3.837,3.835,3.837,3.839,3.842,1535.828
-4.950,22.850,3.801,3.837,3.835,3.837,3.838,3.842,1536.853
-4.948,22.850,3.801,3.837,3.834,3.836,3.838,3.841,1537.875
-4.947,22.850,3.800,3.836,3.834,3.836,3.838,3.841,1538.898
-4.950,22.840,3.800,3.836,3.833,3.836,3.837,3.841,1539.921
-4.941,22.840,3.800,3.836,3.833,3.836,3.837,3.841,1540.944
-4.948,22.840,3.799,3.835,3.833,3.835,3.836,3.840,1541.967
-4.951,22.830,3.799,3.835,3.832,3.834,3.836,3.840,1542.990
-4.945,22.830,3.799,3.834,3.832,3.834,3.835,3.839,1544.012
-4.950,22.830,3.798,3.834,3.832,3.834,3.835,3.839,1545.034
-4.947,22.830,3.798,3.834,3.831,3.833,3.835,3.838,1546.057
-4.947,22.830,3.797,3.833,3.831,3.833,3.834,3.838,1547.080
-4.948,22.820,3.797,3.833,3.830,3.832,3.834,3.838,1548.102
-4.948,22.820,3.797,3.833,3.830,3.832,3.834,3.837,1549.125
-4.960,22.820,3.796,3.832,3.830,3.832,3.833,3.837,1550.148
-4.959,22.810,3.795,3.832,3.829,3.832,3.833,3.837,1551.171
-4.947,22.820,3.795,3.831,3.829,3.831,3.832,3.836,1552.194
-4.951,22.820,3.795,3.831,3.829,3.831,3.832,3.836,1553.216
-4.948,22.810,3.795,3.831,3.828,3.830,3.832,3.836,1554.238
-4.948,22.810,3.795,3.830,3.828,3.830,3.831,3.835,1555.261
-4.950,22.810,3.794,3.830,3.827,3.829,3.831,3.835,1556.282
-4.962,22.800,3.793,3.830,3.827,3.829,3.831,3.834,1557.307
-4.948,22.800,3.793,3.829,3.827,3.829,3.830,3.834,1558.329
-4.948,22.800,3.793,3.829,3.826,3.829,3.830,3.834,1559.352
-4.948,22.800,3.792,3.829,3.826,3.828,3.830,3.834,1560.375
-4.968,22.790,3.792,3.828,3.826,3.828,3.829,3.833,1561.398
-4.947,22.790,3.791,3.827,3.825,3.827,3.829,3.833,1562.421
-4.950,22.790,3.791,3.828,3.825,3.827,3.829,3.832,1563.444
-4.953,22.800,3.791,3.827,3.824,3.827,3.828,3.832,1564.466
-4.948,22.770,3.790,3.827,3.824,3.827,3.828,3.832,1565.488
-4.950,22.780,3.790,3.826,3.824,3.826,3.828,3.831,1566.510
-4.950,22.780,3.790,3.826,3.824,3.826,3.827,3.831,1567.534
-4.953,22.770,3.789,3.826,3.823,3.825,3.827,3.830,1568.556
-4.965,22.770,3.789,3.825,3.823,3.825,3.827,3.830,1569.579
-4.956,22.770,3.789,3.825,3.822,3.825,3.826,3.830,1570.602
-4.948,22.770,3.788,3.824,3.822,3.824,3.825,3.829,1571.625
-4.951,22.770,3.788,3.824,3.822,3.823,3.825,3.829,1572.648
-4.960,22.760,3.787,3.824,3.821,3.824,3.825,3.828,1573.670
-4.954,22.760,3.787,3.823,3.821,3.823,3.824,3.828,1574.692
-4.951,22.760,3.787,3.823,3.821,3.823,3.824,3.828,1575.714
-4.966,22.760,3.786,3.822,3.820,3.822,3.824,3.828,1576.736
-4.944,22.750,3.786,3.823,3.820,3.822,3.824,3.827,1577.761
-4.948,22.750,3.786,3.822,3.819,3.822,3.823,3.827,1578.783
-4.953,22.750,3.785,3.822,3.819,3.821,3.823,3.826,1579.806
-4.951,22.740,3.785,3.821,3.819,3.821,3.823,3.826,1580.829
-4.947,22.740,3.785,3.821,3.818,3.820,3.822,3.826,1581.852
-4.954,22.750,3.784,3.820,3.818,3.820,3.822,3.825,1582.875
-4.948,22.750,3.784,3.820,3.818,3.820,3.821,3.825,1583.897
-4.950,22.740,3.784,3.820,3.817,3.820,3.821,3.825,1584.920
-4.951,22.740,3.783,3.820,3.817,3.819,3.821,3.824,1585.943
-4.948,22.740,3.783,3.819,3.817,3.819,3.821,3.824,1586.966
-4.945,22.740,3.783,3.819,3.817,3.819,3.820,3.823,1587.991
-4.947,22.730,3.782,3.819,3.816,3.818,3.820,3.823,1589.013
-4.951,22.730,3.782,3.818,3.816,3.818,3.819,3.823,1590.036
-4.947,22.730,3.781,3.818,3.815,3.818,3.819,3.823,1591.059
-4.947,22.730,3.781,3.817,3.815,3.817,3.819,3.822,1592.082
-4.948,22.730,3.781,3.817,3.815,3.817,3.818,3.822,1593.104
-4.947,22.720,3.781,3.817,3.815,3.817,3.818,3.822,1594.126
-4.948,22.730,3.780,3.817,3.814,3.816,3.818,3.821,1595.148
-4.950,22.720,3.780,3.816,3.813,3.816,3.817,3.821,1596.170
-4.960,22.720,3.780,3.816,3.813,3.815,3.817,3.820,1597.193
-4.954,22.710,3.779,3.815,3.813,3.815,3.817,3.820,1598.218
-4.948,22.720,3.779,3.815,3.812,3.815,3.816,3.820,1599.241
-4.951,22.720,3.779,3.815,3.812,3.815,3.816,3.820,1600.263
-4.951,22.710,3.778,3.815,3.812,3.814,3.816,3.819,1601.285
-4.953,22.700,3.778,3.814,3.812,3.814,3.815,3.819,1602.307
-4.947,22.710,3.778,3.814,3.811,3.813,3.815,3.819,1603.330
-4.950,22.710,3.777,3.814,3.811,3.813,3.814,3.818,1604.353
-4.950,22.700,3.777,3.813,3.811,3.813,3.814,3.818,1605.374
-4.947,22.700,3.777,3.813,3.810,3.813,3.814,3.818,1606.397
-4.948,22.700,3.776,3.812,3.810,3.812,3.814,3.818,1607.419
-4.947,22.700,3.776,3.812,3.810,3.812,3.812,3.817,1608.443
-4.945,22.690,3.776,3.812,3.809,3.811,3.813,3.816,1609.465
-4.948,22.690,3.775,3.812,3.809,3.811,3.813,3.816,1610.487
-4.948,22.690,3.775,3.811,3.809,3.811,3.812,3.816,1611.510
-4.948,22.690,3.774,3.811,3.808,3.811,3.812,3.816,1612.533
-4.942,22.690,3.774,3.810,3.808,3.810,3.812,3.815,1613.555
-4.951,22.690,3.774,3.810,3.807,3.810,3.811,3.815,1614.577
-4.948,22.690,3.774,3.810,3.807,3.809,3.811,3.815,1615.600
-4.950,22.680,3.774,3.810,3.807,3.809,3.811,3.814,1616.622
-4.948,22.680,3.773,3.809,3.807,3.809,3.810,3.814,1617.645
-4.950,22.680,3.773,3.809,3.806,3.808,3.810,3.814,1618.670
-4.956,22.680,3.773,3.808,3.806,3.808,3.810,3.813,1619.692
-4.962,22.670,3.772,3.808,3.806,3.808,3.809,3.813,1620.715
-4.956,22.670,3.772,3.808,3.805,3.807,3.809,3.813,1621.738
-4.948,22.670,3.771,3.808,3.805,3.807,3.809,3.813,1622.760
-4.953,22.670,3.771,3.807,3.805,3.807,3.809,3.812,1623.782
-4.944,22.670,3.771,3.807,3.804,3.807,3.808,3.812,1624.804
-4.947,22.670,3.771,3.807,3.804,3.807,3.808,3.812,1625.826
-4.951,22.660,3.770,3.806,3.804,3.806,3.808,3.811,1626.849
-4.948,22.660,3.770,3.806,3.803,3.806,3.807,3.811,1627.871
-4.953,22.660,3.769,3.805,3.803,3.805,3.807,3.811,1628.895
-4.945,22.660,3.769,3.805,3.803,3.805,3.807,3.810,1629.917
-4.944,22.660,3.769,3.805,3.802,3.805,3.807,3.810,1630.939
-4.948,22.650,3.769,3.805,3.802,3.805,3.806,3.810,1631.962
-4.945,22.660,3.768,3.804,3.802,3.804,3.806,3.809,1632.984
-4.950,22.650,3.768,3.804,3.802,3.804,3.805,3.809,1634.006
-4.944,22.650,3.768,3.804,3.801,3.804,3.805,3.809,1635.029
-4.948,22.650,3.767,3.804,3.801,3.803,3.805,3.808,1636.052
-4.948,22.650,3.767,3.803,3.801,3.803,3.804,3.808,1637.074
-4.945,22.650,3.767,3.803,3.800,3.803,3.804,3.808,1638.097
-4.947,22.650,3.766,3.803,3.800,3.802,3.804,3.807,1639.121
-4.945,22.640,3.766,3.802,3.800,3.802,3.804,3.807,1640.143
-4.951,22.640,3.766,3.802,3.800,3.802,3.803,3.807,1641.166
-4.950,22.630,3.765,3.802,3.799,3.802,3.803,3.807,1642.189
-4.954,22.640,3.765,3.802,3.799,3.801,3.803,3.806,1643.211
-4.959,22.630,3.765,3.801,3.799,3.801,3.803,3.806,1644.233
-4.959,22.630,3.765,3.801,3.798,3.800,3.802,3.806,1645.256
-4.954,22.630,3.764,3.800,3.798,3.800,3.802,3.806,1646.277
-4.951,22.630,3.764,3.800,3.797,3.800,3.802,3.805,1647.300
-4.945,22.630,3.764,3.800,3.797,3.800,3.801,3.805,1648.322
-4.960,22.630,3.764,3.800,3.797,3.799,3.801,3.805,1649.347
-4.948,22.620,3.763,3.799,3.797,3.799,3.801,3.805,1650.370
-4.948,22.620,3.763,3.799,3.797,3.799,3.800,3.804,1651.391
-4.948,22.620,3.763,3.799,3.796,3.799,3.800,3.804,1652.414
-4.954,22.610,3.762,3.798,3.795,3.798,3.800,3.804,1653.437
-4.948,22.620,3.762,3.798,3.796,3.798,3.800,3.803,1654.459
-4.953,22.610,3.762,3.798,3.795,3.797,3.799,3.803,1655.482
-4.948,22.610,3.762,3.797,3.795,3.797,3.799,3.803,1656.505
-4.953,22.610,3.761,3.797,3.794,3.797,3.799,3.803,1657.528
-4.950,22.610,3.761,3.797,3.794,3.797,3.798,3.802,1658.549
-4.947,22.600,3.760,3.797,3.794,3.796,3.798,3.802,1659.574
-4.945,22.600,3.760,3.797,3.794,3.796,3.798,3.802,1660.595
-4.948,22.600,3.760,3.796,3.793,3.796,3.798,3.801,1661.618
-4.951,22.600,3.760,3.796,3.794,3.796,3.797,3.801,1662.640
-4.951,22.590,3.759,3.795,3.793,3.795,3.797,3.801,1663.662
-4.951,22.590,3.759,3.795,3.792,3.795,3.797,3.801,1664.684
-4.947,22.590,3.759,3.795,3.792,3.795,3.796,3.800,1665.706
-4.948,22.600,3.759,3.795,3.792,3.794,3.796,3.800,1666.729
-4.959,22.590,3.758,3.794,3.792,3.794,3.796,3.799,1667.751
-4.954,22.590,3.758,3.794,3.791,3.794,3.796,3.799,1668.773
-4.947,22.590,3.758,3.794,3.791,3.793,3.795,3.799,1669.798
-4.953,22.590,3.758,3.793,3.791,3.793,3.795,3.799,1670.820
-4.948,22.590,3.757,3.793,3.791,3.793,3.795,3.798,1671.843
-4.945,22.580,3.757,3.793,3.790,3.792,3.794,3.798,1672.865
-4.950,22.580,3.757,3.793,3.790,3.792,3.794,3.798,1673.887
-4.948,22.580,3.756,3.792,3.790,3.792,3.794,3.798,1674.910
-4.950,22.580,3.756,3.792,3.790,3.792,3.793,3.798,1675.933
-4.945,22.570,3.756,3.792,3.789,3.792,3.793,3.797,1676.956
-4.948,22.570,3.756,3.791,3.789,3.791,3.793,3.797,1677.978
-4.945,22.580,3.755,3.791,3.789,3.791,3.793,3.797,1679.001
-4.950,22.580,3.755,3.791,3.788,3.791,3.793,3.796,1680.026
-4.945,22.570,3.755,3.791,3.788,3.790,3.792,3.796,1681.048
-4.948,22.570,3.755,3.790,3.788,3.790,3.792,3.796,1682.071
-4.948,22.570,3.754,3.791,3.787,3.790,3.792,3.796,1683.094
-4.950,22.570,3.754,3.790,3.787,3.789,3.792,3.795,1684.117
-4.950,22.560,3.754,3.790,3.787,3.789,3.791,3.795,1685.140
-4.947,22.560,3.753,3.790,3.787,3.789,3.791,3.795,1686.163
-4.945,22.560,3.753,3.789,3.787,3.789,3.791,3.795,1687.186
-4.953,22.560,3.753,3.789,3.786,3.789,3.790,3.794,1688.208
-4.947,22.560,3.753,3.789,3.786,3.788,3.790,3.793,1689.230
-4.950,22.560,3.752,3.788,3.785,3.788,3.790,3.793,1690.254
-4.959,22.570,3.752,3.788,3.786,3.788,3.789,3.793,1691.276
-4.947,22.550,3.752,3.788,3.785,3.787,3.789,3.793,1692.298
-4.947,22.560,3.751,3.787,3.785,3.787,3.789,3.793,1693.321
-4.957,22.550,3.751,3.787,3.785,3.787,3.788,3.792,1694.344
-4.953,22.550,3.751,3.787,3.785,3.787,3.788,3.793,1695.367
-4.963,22.550,3.750,3.787,3.784,3.787,3.788,3.792,1696.388
-4.953,22.550,3.750,3.786,3.784,3.786,3.788,3.792,1697.411
-4.953,22.550,3.750,3.786,3.784,3.786,3.788,3.791,1698.434
-4.945,22.550,3.750,3.786,3.783,3.785,3.787,3.791,1699.456
-4.956,22.530,3.750,3.786,3.783,3.785,3.787,3.791,1700.481
-4.948,22.540,3.749,3.786,3.783,3.785,3.787,3.791,1701.503
-4.944,22.540,3.749,3.785,3.783,3.785,3.787,3.790,1702.526
-4.945,22.540,3.749,3.785,3.782,3.785,3.786,3.790,1703.549
-4.945,22.530,3.749,3.785,3.782,3.785,3.786,3.790,1704.572
-4.948,22.540,3.748,3.785,3.782,3.784,3.786,3.790,1705.595
-4.947,22.530,3.748,3.784,3.782,3.784,3.786,3.789,1706.616
-4.948,22.530,3.748,3.784,3.781,3.784,3.786,3.789,1707.639
-4.950,22.530,3.748,3.784,3.781,3.783,3.785,3.789,1708.662
-4.948,22.530,3.747,3.784,3.781,3.783,3.785,3.788,1709.685
-4.945,22.530,3.747,3.783,3.781,3.783,3.784,3.788,1710.710
-4.944,22.520,3.747,3.783,3.780,3.783,3.784,3.788,1711.732
-4.948,22.520,3.747,3.783,3.780,3.782,3.784,3.788,1712.755
-4.957,22.520,3.746,3.783,3.780,3.782,3.784,3.787,1713.778
-4.953,22.520,3.746,3.782,3.780,3.782,3.784,3.787,1714.801
-4.950,22.530,3.746,3.782,3.779,3.782,3.783,3.787,1715.823
-4.954,22.520,3.746,3.782,3.779,3.781,3.783,3.787,1716.845
-4.948,22.510,3.746,3.781,3.779,3.781,3.783,3.787,1717.867
-4.948,22.520,3.745,3.781,3.779,3.781,3.783,3.786,1718.889
-4.948,22.520,3.745,3.781,3.778,3.780,3.782,3.786,1719.912
-4.948,22.510,3.745,3.781,3.778,3.780,3.782,3.786,1720.937
-4.950,22.520,3.745,3.780,3.778,3.780,3.782,3.786,1721.960
-4.948,22.500,3.744,3.781,3.778,3.780,3.782,3.786,1722.983
-4.953,22.510,3.744,3.780,3.778,3.780,3.782,3.785,1724.005
-4.950,22.510,3.744,3.780,3.777,3.780,3.781,3.785,1725.027
-4.951,22.500,3.744,3.780,3.777,3.779,3.781,3.785,1726.050
-4.956,22.500,3.743,3.779,3.777,3.779,3.781,3.784,1727.073
-4.956,22.500,3.743,3.779,3.776,3.779,3.781,3.784,1728.096
-4.953,22.500,3.743,3.779,3.776,3.778,3.781,3.784,1729.118
-4.945,22.500,3.743,3.779,3.776,3.778,3.780,3.784,1730.140
-4.951,22.500,3.742,3.779,3.776,3.778,3.780,3.783,1731.165
-4.947,22.500,3.742,3.778,3.775,3.778,3.779,3.783,1732.187
-4.947,22.490,3.742,3.778,3.775,3.778,3.779,3.783,1733.210
-4.947,22.500,3.742,3.778,3.775,3.777,3.779,3.783,1734.233
-4.945,22.490,3.742,3.778,3.775,3.777,3.779,3.783,1735.256
-4.950,22.490,3.741,3.777,3.775,3.777,3.778,3.782,1736.278
-4.957,22.490,3.741,3.777,3.774,3.777,3.778,3.782,1737.300
-4.954,22.490,3.741,3.777,3.774,3.776,3.778,3.781,1738.323
-4.945,22.490,3.740,3.776,3.774,3.776,3.778,3.781,1739.345
-4.947,22.490,3.740,3.776,3.773,3.776,3.778,3.781,1740.367
-4.941,22.480,3.739,3.776,3.773,3.776,3.778,3.781,1741.392
-4.945,22.480,3.740,3.776,3.773,3.776,3.777,3.781,1742.414
-4.942,22.480,3.740,3.776,3.773,3.775,3.777,3.781,1743.436
-4.945,22.480,3.739,3.775,3.773,3.775,3.777,3.781,1744.458
-4.953,22.480,3.739,3.775,3.772,3.775,3.777,3.780,1745.481
-4.947,22.480,3.739,3.775,3.772,3.775,3.776,3.780,1746.502
-4.947,22.470,3.739,3.775,3.772,3.774,3.776,3.780,1747.525
-4.953,22.480,3.738,3.775,3.772,3.774,3.776,3.780,1748.546
-4.945,22.480,3.738,3.774,3.772,3.774,3.776,3.779,1749.569
-4.950,22.480,3.738,3.774,3.772,3.774,3.776,3.779,1750.591
-4.951,22.470,3.738,3.774,3.771,3.773,3.775,3.779,1751.615
-4.948,22.470,3.737,3.773,3.771,3.773,3.775,3.779,1752.637
-4.944,22.460,3.737,3.774,3.771,3.773,3.775,3.779,1753.660
-4.947,22.480,3.737,3.773,3.770,3.773,3.775,3.778,1754.683
-4.947,22.460,3.737,3.773,3.770,3.773,3.774,3.778,1755.706
-4.966,22.460,3.737,3.773,3.770,3.772,3.774,3.778,1756.729
-4.945,22.450,3.736,3.773,3.770,3.772,3.774,3.778,1757.751
-4.948,22.470,3.736,3.772,3.770,3.772,3.774,3.777,1758.773
-4.953,22.460,3.736,3.772,3.769,3.772,3.774,3.777,1759.796
-4.957,22.450,3.736,3.772,3.769,3.771,3.773,3.777,1760.819
-4.969,22.460,3.735,3.771,3.769,3.771,3.773,3.777,1761.844
-4.947,22.450,3.735,3.771,3.768,3.770,3.773,3.776,1762.866
-4.942,22.450,3.735,3.771,3.768,3.771,3.773,3.776,1763.888
-4.948,22.450,3.735,3.771,3.768,3.770,3.772,3.776,1764.911
-4.950,22.450,3.735,3.771,3.768,3.770,3.772,3.776,1765.934
-4.950,22.440,3.734,3.770,3.768,3.770,3.772,3.775,1766.956
-4.950,22.450,3.734,3.770,3.768,3.770,3.772,3.775,1767.978
-4.947,22.450,3.734,3.770,3.767,3.770,3.771,3.775,1769.000
-4.945,22.450,3.733,3.770,3.767,3.769,3.771,3.775,1770.022
-4.947,22.450,3.733,3.770,3.766,3.769,3.771,3.775,1771.045
-4.951,22.440,3.733,3.769,3.766,3.769,3.771,3.774,1772.070
-4.947,22.440,3.733,3.769,3.766,3.768,3.771,3.774,1773.092
-4.947,22.430,3.733,3.769,3.766,3.768,3.770,3.774,1774.115
-4.947,22.430,3.732,3.768,3.766,3.768,3.770,3.774,1775.138
-4.948,22.430,3.732,3.768,3.766,3.768,3.770,3.774,1776.161
-4.945,22.430,3.732,3.768,3.765,3.768,3.770,3.773,1777.184
-4.947,22.430,3.731,3.768,3.765,3.767,3.769,3.773,1778.206
-4.947,22.440,3.732,3.768,3.765,3.767,3.769,3.773,1779.228
-4.951,22.430,3.731,3.768,3.765,3.767,3.769,3.773,1780.251
-4.951,22.430,3.731,3.767,3.765,3.767,3.769,3.772,1781.274
-4.956,22.430,3.731,3.767,3.764,3.767,3.768,3.772,1782.299
-4.953,22.420,3.731,3.767,3.764,3.767,3.768,3.772,1783.321
-4.960,22.420,3.731,3.767,3.764,3.766,3.768,3.772,1784.344
-4.962,22.420,3.731,3.766,3.764,3.766,3.768,3.771,1785.367
-4.947,22.420,3.730,3.766,3.763,3.765,3.768,3.771,1786.390
-4.945,22.420,3.730,3.766,3.763,3.765,3.767,3.771,1787.412
-4.945,22.420,3.729,3.766,3.763,3.765,3.767,3.771,1788.434
-4.944,22.420,3.729,3.765,3.763,3.765,3.767,3.771,1789.457
-4.947,22.420,3.729,3.765,3.763,3.765,3.767,3.770,1790.480
-4.945,22.410,3.729,3.765,3.762,3.765,3.767,3.770,1791.503
-4.951,22.420,3.729,3.765,3.762,3.765,3.766,3.770,1792.527
-4.947,22.410,3.728,3.765,3.762,3.764,3.766,3.770,1793.550
-4.947,22.410,3.728,3.764,3.762,3.764,3.766,3.770,1794.573
-4.948,22.410,3.728,3.764,3.762,3.764,3.766,3.770,1795.596
-4.965,22.410,3.728,3.764,3.761,3.763,3.765,3.769,1796.618
-4.951,22.410,3.728,3.764,3.761,3.763,3.765,3.769,1797.641
-4.953,22.410,3.727,3.763,3.761,3.763,3.765,3.769,1798.664
-4.948,22.410,3.727,3.763,3.760,3.763,3.765,3.769,1799.687
-4.948,22.410,3.727,3.763,3.760,3.763,3.764,3.768,1800.710
-4.950,22.400,3.726,3.763,3.760,3.762,3.764,3.768,1801.732
-4.950,22.400,3.726,3.763,3.760,3.762,3.764,3.768,1802.756
-4.945,22.400,3.726,3.763,3.760,3.762,3.764,3.768,1803.777
-4.953,22.400,3.726,3.762,3.759,3.762,3.764,3.767,1804.800
-4.950,22.400,3.726,3.762,3.759,3.762,3.764,3.767,1805.823
-4.948,22.400,3.726,3.762,3.759,3.762,3.763,3.767,1806.846
-4.962,22.390,3.726,3.762,3.759,3.761,3.763,3.767,1807.868
-4.966,22.390,3.726,3.761,3.758,3.761,3.762,3.766,1808.890
-4.947,22.400,3.725,3.761,3.758,3.760,3.762,3.766,1809.913
-4.950,22.390,3.724,3.760,3.758,3.760,3.763,3.766,1810.936
-4.950,22.390,3.724,3.760,3.758,3.760,3.762,3.766,1811.958
-4.951,22.390,3.724,3.760,3.758,3.760,3.762,3.766,1812.982
-4.950,22.390,3.724,3.760,3.758,3.760,3.762,3.766,1814.004
-4.950,22.390,3.724,3.760,3.757,3.760,3.761,3.765,1815.027
-4.948,22.390,3.724,3.760,3.757,3.759,3.761,3.765,1816.050
-4.947,22.380,3.724,3.760,3.757,3.759,3.761,3.765,1817.073
-4.953,22.390,3.723,3.759,3.757,3.759,3.761,3.765,1818.094
-4.954,22.380,3.723,3.759,3.757,3.759,3.761,3.765,1819.117
-4.944,22.380,3.723,3.759,3.756,3.759,3.761,3.764,1820.138
-4.950,22.390,3.723,3.759,3.756,3.758,3.760,3.764,1821.160
-4.948,22.380,3.722,3.758,3.756,3.758,3.760,3.764,1822.183
-4.950,22.380,3.722,3.758,3.755,3.758,3.760,3.764,1823.208
-4.945,22.380,3.722,3.758,3.755,3.758,3.760,3.764,1824.231
-4.942,22.380,3.722,3.758,3.755,3.757,3.759,3.763,1825.254
-4.948,22.380,3.721,3.757,3.755,3.757,3.759,3.763,1826.275
-4.948,22.370,3.721,3.758,3.755,3.757,3.759,3.763,1827.298
-4.954,22.380,3.721,3.757,3.754,3.757,3.759,3.763,1828.321
-4.948,22.370,3.721,3.757,3.754,3.757,3.759,3.762,1829.343
-4.951,22.370,3.720,3.757,3.754,3.756,3.759,3.762,1830.365
-4.962,22.360,3.721,3.756,3.754,3.756,3.758,3.762,1831.388
-4.954,22.370,3.720,3.756,3.753,3.756,3.758,3.761,1832.410
-4.950,22.370,3.720,3.756,3.753,3.756,3.758,3.761,1833.434
-4.947,22.360,3.719,3.756,3.753,3.756,3.758,3.761,1834.456
-4.947,22.370,3.720,3.756,3.753,3.755,3.757,3.761,1835.479
-4.950,22.370,3.719,3.755,3.753,3.755,3.757,3.761,1836.501
-4.948,22.360,3.719,3.755,3.753,3.755,3.757,3.761,1837.523
-4.948,22.360,3.719,3.755,3.752,3.755,3.757,3.760,1838.546
-4.945,22.360,3.718,3.755,3.752,3.754,3.756,3.760,1839.569
-4.951,22.350,3.719,3.755,3.752,3.754,3.756,3.760,1840.591
-4.945,22.350,3.718,3.754,3.752,3.754,3.756,3.760,1841.614
-4.942,22.350,3.718,3.754,3.751,3.754,3.756,3.759,1842.637
-4.945,22.350,3.718,3.754,3.751,3.753,3.756,3.759,1843.662
-4.947,22.360,3.718,3.754,3.751,3.753,3.755,3.759,1844.684
-4.945,22.350,3.717,3.753,3.751,3.753,3.755,3.759,1845.707
-4.948,22.350,3.717,3.753,3.750,3.753,3.755,3.759,1846.730
-4.947,22.350,3.717,3.753,3.751,3.753,3.755,3.759,1847.751
-4.954,22.340,3.717,3.753,3.750,3.752,3.754,3.758,1848.773
-4.947,22.340,3.717,3.753,3.750,3.753,3.754,3.758,1849.795
-4.950,22.350,3.716,3.753,3.750,3.752,3.754,3.758,1850.818
-4.951,22.340,3.716,3.752,3.749,3.752,3.754,3.757,1851.840
-4.945,22.350,3.716,3.752,3.749,3.752,3.754,3.757,1852.862
-4.944,22.350,3.716,3.752,3.749,3.752,3.754,3.757,1853.887
-4.959,22.340,3.715,3.752,3.749,3.751,3.753,3.757,1854.909
-4.956,22.330,3.715,3.751,3.748,3.751,3.753,3.756,1855.931
-4.947,22.340,3.715,3.751,3.748,3.751,3.753,3.756,1856.953
-4.948,22.330,3.715,3.751,3.748,3.751,3.753,3.756,1857.975
-4.950,22.330,3.715,3.751,3.748,3.751,3.752,3.756,1858.998
-4.950,22.330,3.714,3.751,3.748,3.750,3.752,3.756,1860.021
-4.948,22.330,3.714,3.751,3.748,3.750,3.752,3.756,1861.043
-4.944,22.340,3.714,3.750,3.747,3.750,3.752,3.755,1862.066
-4.947,22.330,3.714,3.750,3.747,3.750,3.752,3.755,1863.087
-4.948,22.330,3.714,3.750,3.747,3.749,3.751,3.755,1864.111
-4.950,22.320,3.713,3.750,3.747,3.749,3.751,3.755,1865.133
-4.948,22.330,3.713,3.749,3.746,3.749,3.751,3.754,1866.156
-4.950,22.330,3.713,3.749,3.746,3.749,3.751,3.754,1867.178
-4.948,22.320,3.713,3.749,3.746,3.748,3.750,3.754,1868.200
-4.966,22.310,3.712,3.748,3.745,3.748,3.751,3.754,1869.223
-4.948,22.340,3.712,3.749,3.745,3.748,3.750,3.754,1870.246
-4.951,22.310,3.712,3.748,3.745,3.748,3.750,3.753,1871.268
-4.945,22.330,3.711,3.748,3.745,3.748,3.749,3.753,1872.291
-4.945,22.310,3.712,3.748,3.745,3.748,3.749,3.753,1873.314
-4.950,22.330,3.711,3.748,3.744,3.747,3.749,3.753,1874.339
-4.950,22.310,3.711,3.748,3.745,3.747,3.749,3.752,1875.361
-4.953,22.310,3.711,3.747,3.744,3.747,3.749,3.752,1876.384
-4.948,22.320,3.711,3.747,3.744,3.746,3.749,3.752,1877.407
-4.962,22.310,3.711,3.747,3.744,3.746,3.749,3.752,1878.430
-4.960,22.300,3.710,3.746,3.743,3.746,3.748,3.752,1879.453
-4.953,22.300,3.710,3.746,3.743,3.746,3.748,3.751,1880.476
-4.951,22.310,3.710,3.746,3.743,3.746,3.748,3.751,1881.498
-4.954,22.300,3.710,3.746,3.743,3.745,3.747,3.751,1882.520
-4.951,22.300,3.710,3.746,3.743,3.745,3.748,3.751,1883.543
-4.953,22.300,3.710,3.745,3.742,3.745,3.747,3.751,1884.567
-4.953,22.300,3.709,3.745,3.742,3.745,3.747,3.750,1885.590
-4.954,22.300,3.709,3.745,3.742,3.744,3.747,3.750,1886.612
-4.947,22.290,3.709,3.745,3.742,3.744,3.746,3.750,1887.634
-4.950,22.290,3.708,3.745,3.741,3.744,3.746,3.750,1888.657
-4.948,22.290,3.708,3.744,3.741,3.744,3.746,3.750,1889.678
-4.950,22.290,3.708,3.744,3.741,3.743,3.746,3.749,1890.701
-4.947,22.290,3.708,3.744,3.741,3.743,3.746,3.749,1891.723
-4.947,22.290,3.707,3.743,3.741,3.743,3.745,3.749,1892.746
-4.938,22.290,3.707,3.743,3.741,3.743,3.745,3.749,1893.769
-4.953,22.290,3.707,3.743,3.741,3.743,3.745,3.748,1894.794
-4.945,22.290,3.707,3.743,3.740,3.743,3.744,3.748,1895.816
-4.951,22.290,3.707,3.743,3.740,3.742,3.745,3.748,1896.839
-4.951,22.280,3.706,3.743,3.740,3.742,3.744,3.748,1897.860
-4.947,22.280,3.706,3.743,3.740,3.742,3.744,3.748,1898.882
-4.947,22.290,3.706,3.742,3.739,3.742,3.744,3.747,1899.904
-4.948,22.280,3.706,3.742,3.739,3.741,3.744,3.747,1900.927
-4.960,22.280,3.706,3.742,3.739,3.741,3.744,3.747,1901.950
-4.959,22.280,3.705,3.741,3.738,3.740,3.743,3.747,1902.973
-4.947,22.270,3.704,3.741,3.738,3.741,3.743,3.746,1903.995
-4.947,22.270,3.705,3.741,3.738,3.741,3.743,3.746,1905.019
-4.950,22.270,3.705,3.741,3.738,3.741,3.742,3.746,1906.041
-4.956,22.270,3.704,3.741,3.738,3.740,3.742,3.746,1907.064
-4.948,22.270,3.704,3.741,3.738,3.740,3.742,3.746,1908.085
-4.942,22.270,3.704,3.740,3.737,3.740,3.742,3.746,1909.107
-4.947,22.260,3.704,3.740,3.737,3.740,3.742,3.745,1910.129
-4.948,22.270,3.704,3.740,3.737,3.739,3.741,3.745,1911.151
-4.948,22.270,3.704,3.739,3.737,3.739,3.741,3.745,1912.173
-4.948,22.260,3.703,3.739,3.736,3.739,3.741,3.745,1913.196
-4.951,22.260,3.703,3.739,3.736,3.739,3.741,3.744,1914.218
-4.947,22.260,3.703,3.739,3.736,3.738,3.741,3.744,1915.242
-4.953,22.260,3.702,3.739,3.736,3.738,3.740,3.744,1916.264
-4.945,22.260,3.702,3.738,3.736,3.738,3.740,3.744,1917.286
-4.948,22.260,3.702,3.738,3.735,3.738,3.740,3.743,1918.308
-4.942,22.250,3.702,3.738,3.735,3.738,3.740,3.743,1919.331
-4.945,22.250,3.702,3.738,3.735,3.738,3.739,3.743,1920.354
-4.950,22.260,3.701,3.738,3.735,3.737,3.739,3.743,1921.376
-4.945,22.250,3.701,3.737,3.734,3.736,3.739,3.742,1922.399
-4.945,22.250,3.701,3.737,3.734,3.737,3.739,3.742,1923.422
-4.945,22.250,3.701,3.737,3.734,3.736,3.739,3.742,1924.444
-4.954,22.250,3.700,3.736,3.734,3.736,3.738,3.742,1925.469
-4.954,22.250,3.700,3.736,3.734,3.736,3.738,3.741,1926.491
-4.945,22.250,3.700,3.736,3.733,3.736,3.738,3.741,1927.514
-4.948,22.240,3.700,3.736,3.733,3.735,3.738,3.741,1928.537
-4.950,22.240,3.700,3.736,3.733,3.735,3.737,3.741,1929.560
-4.950,22.240,3.699,3.736,3.733,3.735,3.737,3.741,1930.583
-4.948,22.240,3.699,3.735,3.732,3.735,3.737,3.741,1931.605
-4.948,22.240,3.699,3.735,3.732,3.735,3.737,3.740,1932.628
-4.945,22.240,3.698,3.735,3.732,3.734,3.737,3.740,1933.651
-4.953,22.240,3.698,3.734,3.732,3.734,3.736,3.740,1934.673
-4.948,22.230,3.698,3.734,3.731,3.734,3.736,3.740,1935.697
-4.950,22.230,3.698,3.734,3.731,3.734,3.736,3.739,1936.719
-4.945,22.230,3.698,3.734,3.731,3.733,3.736,3.739,1937.742
-4.950,22.230,3.698,3.733,3.730,3.733,3.736,3.739,1938.765
-4.942,22.230,3.697,3.733,3.731,3.732,3.735,3.739,1939.787
-4.944,22.220,3.697,3.733,3.730,3.733,3.735,3.739,1940.809
-4.945,22.230,3.697,3.733,3.730,3.733,3.735,3.738,1941.832
-4.951,22.220,3.696,3.733,3.730,3.733,3.734,3.738,1942.855
-4.947,22.220,3.696,3.733,3.729,3.732,3.734,3.738,1943.877
-4.947,22.220,3.696,3.732,3.729,3.732,3.734,3.737,1944.899
-4.948,22.220,3.696,3.732,3.729,3.732,3.734,3.737,1945.924
-4.950,22.220,3.696,3.732,3.729,3.732,3.734,3.737,1946.946
-4.951,22.220,3.695,3.732,3.729,3.731,3.733,3.737,1947.968
-4.953,22.210,3.695,3.731,3.729,3.731,3.733,3.737,1948.991
-4.948,22.220,3.695,3.731,3.728,3.731,3.733,3.736,1950.014
-4.950,22.220,3.694,3.731,3.728,3.730,3.732,3.736,1951.036
-4.950,22.210,3.694,3.731,3.727,3.730,3.732,3.736,1952.059
-4.947,22.220,3.694,3.730,3.727,3.730,3.732,3.736,1953.082
-4.954,22.210,3.694,3.731,3.727,3.730,3.732,3.735,1954.105
-4.944,22.210,3.694,3.730,3.727,3.730,3.732,3.735,1955.128
-4.944,22.210,3.694,3.730,3.727,3.729,3.732,3.735,1956.152
-4.951,22.210,3.693,3.729,3.726,3.729,3.731,3.734,1957.175
-4.950,22.200,3.693,3.729,3.727,3.729,3.731,3.734,1958.198
-4.956,22.200,3.692,3.729,3.726,3.729,3.731,3.734,1959.221
-4.950,22.200,3.693,3.729,3.726,3.729,3.731,3.734,1960.244
-4.959,22.190,3.692,3.729,3.725,3.729,3.730,3.734,1961.266
-4.957,22.200,3.692,3.728,3.725,3.728,3.730,3.733,1962.289
-4.954,22.200,3.692,3.728,3.726,3.728,3.730,3.733,1963.310
-4.947,22.200,3.692,3.728,3.725,3.727,3.729,3.733,1964.332
-4.944,22.200,3.691,3.728,3.725,3.727,3.729,3.733,1965.355
-4.947,22.200,3.691,3.727,3.724,3.727,3.729,3.732,1966.379
-4.945,22.190,3.690,3.727,3.724,3.727,3.729,3.732,1967.402
-4.948,22.190,3.690,3.727,3.724,3.727,3.729,3.732,1968.424
-4.948,22.190,3.691,3.727,3.723,3.726,3.729,3.732,1969.446
-4.947,22.190,3.690,3.726,3.723,3.726,3.728,3.732,1970.469
-4.951,22.190,3.690,3.726,3.723,3.726,3.728,3.731,1971.491
-4.954,22.190,3.689,3.726,3.723,3.726,3.728,3.731,1972.514
-4.945,22.190,3.689,3.725,3.722,3.725,3.728,3.731,1973.537
-4.947,22.190,3.689,3.726,3.723,3.725,3.727,3.731,1974.560
-4.947,22.170,3.689,3.725,3.722,3.725,3.727,3.730,1975.582
-4.950,22.180,3.689,3.725,3.721,3.725,3.727,3.730,1976.606
-4.950,22.170,3.689,3.725,3.722,3.724,3.727,3.730,1977.628
-4.947,22.170,3.688,3.725,3.721,3.724,3.726,3.730,1978.650
-4.947,22.170,3.688,3.724,3.721,3.724,3.726,3.729,1979.673
-4.950,22.170,3.688,3.724,3.721,3.723,3.726,3.729,1980.695
-4.948,22.180,3.687,3.724,3.721,3.723,3.725,3.729,1981.718
-4.960,22.180,3.687,3.723,3.721,3.723,3.725,3.729,1982.740
-4.951,22.170,3.687,3.723,3.721,3.723,3.725,3.729,1983.763
-4.947,22.160,3.687,3.723,3.720,3.723,3.725,3.728,1984.785
-4.944,22.160,3.687,3.723,3.720,3.723,3.724,3.728,1985.808
-4.945,22.160,3.687,3.722,3.719,3.722,3.724,3.728,1986.833
-4.950,22.160,3.686,3.722,3.719,3.722,3.724,3.727,1987.856
-4.948,22.170,3.686,3.722,3.719,3.722,3.724,3.727,1988.878
-4.944,22.180,3.686,3.722,3.719,3.722,3.724,3.727,1989.900
-4.948,22.160,3.685,3.721,3.719,3.721,3.723,3.727,1990.922
-4.953,22.150,3.685,3.721,3.719,3.721,3.723,3.726,1991.944
-4.945,22.150,3.685,3.721,3.718,3.721,3.723,3.726,1992.967
-4.951,22.150,3.684,3.721,3.718,3.720,3.723,3.726,1993.989
-4.950,22.150,3.684,3.720,3.718,3.720,3.722,3.726,1995.011
-4.957,22.150,3.684,3.720,3.717,3.720,3.722,3.725,1996.033
-4.948,22.150,3.684,3.720,3.717,3.720,3.722,3.725,1997.057
-4.941,22.140,3.684,3.720,3.717,3.719,3.722,3.725,1998.079
-4.947,22.140,3.684,3.720,3.717,3.719,3.722,3.725,1999.101
-4.951,22.140,3.683,3.719,3.716,3.719,3.721,3.724,2000.124
-4.944,22.140,3.683,3.719,3.716,3.719,3.721,3.724,2001.146
-4.954,22.150,3.683,3.719,3.716,3.719,3.721,3.724,2002.169
-4.945,22.140,3.682,3.719,3.716,3.718,3.720,3.724,2003.192
-4.948,22.140,3.682,3.718,3.715,3.718,3.720,3.724,2004.215
-4.947,22.140,3.682,3.718,3.715,3.718,3.720,3.724,2005.238
-4.947,22.140,3.682,3.718,3.715,3.717,3.720,3.723,2006.260
-4.948,22.140,3.681,3.717,3.715,3.717,3.720,3.723,2007.284
-4.944,22.130,3.681,3.717,3.714,3.717,3.719,3.722,2008.306
-4.962,22.130,3.681,3.717,3.714,3.717,3.718,3.722,2009.328
-4.947,22.130,3.681,3.717,3.714,3.716,3.718,3.722,2010.350
-4.948,22.130,3.680,3.717,3.714,3.716,3.719,3.722,2011.372
-4.948,22.120,3.680,3.716,3.713,3.716,3.719,3.722,2012.395
-4.950,22.120,3.680,3.716,3.713,3.716,3.718,3.722,2013.418
-4.950,22.130,3.680,3.716,3.713,3.716,3.717,3.721,2014.440
-4.951,22.120,3.679,3.716,3.713,3.715,3.717,3.720,2015.463
-4.945,22.120,3.679,3.715,3.712,3.715,3.717,3.721,2016.485
-4.950,22.120,3.679,3.715,3.712,3.715,3.717,3.720,2017.508
-4.956,22.120,3.679,3.715,3.712,3.715,3.717,3.720,2018.530
-4.954,22.110,3.679,3.715,3.712,3.714,3.716,3.720,2019.552
-4.950,22.110,3.678,3.714,3.711,3.714,3.716,3.719,2020.574
-4.945,22.110,3.677,3.714,3.711,3.713,3.716,3.719,2021.597
-4.968,22.110,3.677,3.714,3.711,3.714,3.715,3.719,2022.620
-4.950,22.100,3.677,3.714,3.711,3.713,3.715,3.719,2023.643
-4.950,22.110,3.677,3.713,3.710,3.713,3.715,3.718,2024.666
-4.948,22.110,3.677,3.713,3.710,3.713,3.715,3.718,2025.689
-4.950,22.110,3.676,3.713,3.710,3.713,3.715,3.718,2026.711
-4.947,22.100,3.676,3.713,3.709,3.712,3.715,3.718,2027.736
-4.948,22.110,3.676,3.712,3.709,3.712,3.714,3.717,2028.758
-4.950,22.100,3.676,3.712,3.709,3.711,3.713,3.717,2029.780
-4.950,22.100,3.675,3.712,3.709,3.711,3.714,3.717,2030.803
-4.948,22.100,3.675,3.711,3.708,3.711,3.714,3.717,2031.825
-4.947,22.090,3.675,3.711,3.708,3.711,3.713,3.717,2032.847
-4.951,22.090,3.674,3.711,3.708,3.711,3.712,3.716,2033.870
-4.951,22.090,3.675,3.711,3.708,3.710,3.712,3.716,2034.893
-4.954,22.090,3.674,3.711,3.707,3.710,3.713,3.715,2035.915
-4.947,22.090,3.674,3.710,3.707,3.710,3.712,3.715,2036.937
-4.947,22.090,3.673,3.710,3.706,3.709,3.712,3.715,2037.962
-4.950,22.090,3.673,3.710,3.707,3.709,3.712,3.715,2038.984
-4.944,22.090,3.673,3.709,3.706,3.709,3.711,3.714,2040.005
-4.945,22.090,3.673,3.709,3.706,3.709,3.711,3.714,2041.028
-4.947,22.080,3.672,3.709,3.706,3.709,3.711,3.714,2042.051
-4.957,22.080,3.672,3.709,3.706,3.708,3.710,3.713,2043.072
-4.954,22.080,3.672,3.708,3.705,3.708,3.710,3.713,2044.094
-4.951,22.080,3.671,3.708,3.705,3.708,3.710,3.714,2045.117
-4.950,22.070,3.671,3.708,3.705,3.708,3.710,3.713,2046.140
-4.950,22.070,3.671,3.708,3.705,3.707,3.709,3.712,2047.163
-4.944,22.070,3.671,3.707,3.704,3.707,3.709,3.713,2048.187
-4.945,22.070,3.671,3.707,3.704,3.707,3.709,3.712,2049.209
-4.944,22.070,3.670,3.707,3.704,3.706,3.709,3.712,2050.232
-4.948,22.070,3.670,3.706,3.704,3.706,3.708,3.712,2051.255
-4.947,22.070,3.670,3.706,3.703,3.706,3.708,3.711,2052.277
-4.953,22.070,3.670,3.706,3.703,3.706,3.708,3.711,2053.299
-4.947,22.060,3.670,3.706,3.703,3.705,3.708,3.711,2054.322
-4.945,22.060,3.669,3.705,3.702,3.705,3.707,3.711,2055.345
-4.945,22.060,3.669,3.705,3.702,3.705,3.707,3.710,2056.366
-4.957,22.050,3.668,3.705,3.702,3.705,3.707,3.710,2057.389
-4.945,22.070,3.668,3.705,3.702,3.704,3.707,3.710,2058.413
-4.950,22.060,3.668,3.704,3.701,3.704,3.706,3.709,2059.436
-4.950,22.060,3.668,3.704,3.701,3.704,3.706,3.709,2060.459
-4.953,22.050,3.667,3.704,3.701,3.703,3.706,3.709,2061.482
-4.948,22.050,3.667,3.704,3.701,3.703,3.705,3.709,2062.505
-4.944,22.050,3.667,3.703,3.700,3.703,3.705,3.709,2063.527
-4.945,22.050,3.667,3.703,3.700,3.702,3.705,3.708,2064.549
-4.948,22.050,3.666,3.703,3.700,3.702,3.705,3.708,2065.571
-4.960,22.050,3.666,3.702,3.699,3.702,3.704,3.707,2066.593
-4.956,22.040,3.666,3.702,3.699,3.702,3.704,3.707,2067.615
-4.944,22.040,3.665,3.702,3.699,3.702,3.704,3.707,2068.639
-4.947,22.040,3.665,3.702,3.699,3.701,3.704,3.707,2069.662
-4.945,22.040,3.665,3.701,3.698,3.701,3.703,3.707,2070.684
-4.948,22.030,3.665,3.701,3.698,3.701,3.703,3.706,2071.707
-4.942,22.040,3.665,3.701,3.698,3.700,3.703,3.706,2072.730
-4.948,22.030,3.664,3.701,3.698,3.700,3.702,3.706,2073.753
-4.947,22.030,3.664,3.700,3.697,3.700,3.702,3.706,2074.776
-4.948,22.040,3.664,3.700,3.697,3.700,3.702,3.705,2075.798
-4.956,22.030,3.663,3.700,3.697,3.699,3.702,3.705,2076.821
-4.942,22.030,3.663,3.700,3.696,3.699,3.702,3.705,2077.844
-4.950,22.030,3.663,3.699,3.697,3.699,3.701,3.704,2078.869
-4.957,22.020,3.662,3.699,3.696,3.699,3.701,3.704,2079.891
-4.950,22.020,3.662,3.699,3.696,3.698,3.700,3.704,2080.914
-4.951,22.020,3.662,3.698,3.695,3.698,3.700,3.704,2081.937
-4.942,22.020,3.662,3.698,3.695,3.698,3.700,3.703,2082.960
-4.944,22.020,3.661,3.698,3.695,3.698,3.700,3.703,2083.983
-4.950,22.010,3.661,3.698,3.694,3.697,3.699,3.703,2085.005
-4.942,22.020,3.660,3.697,3.694,3.697,3.699,3.702,2086.027
-4.947,22.010,3.661,3.697,3.694,3.697,3.699,3.702,2087.050
-4.947,22.010,3.660,3.697,3.694,3.697,3.698,3.702,2088.073
-4.954,22.020,3.660,3.696,3.693,3.696,3.698,3.702,2089.098
-4.957,22.000,3.660,3.696,3.693,3.696,3.698,3.701,2090.121
-4.947,22.000,3.660,3.696,3.692,3.696,3.697,3.701,2091.144
-4.950,22.000,3.659,3.696,3.692,3.695,3.697,3.701,2092.167
-4.944,22.000,3.659,3.695,3.692,3.695,3.697,3.701,2093.190
-4.944,22.000,3.659,3.695,3.692,3.695,3.697,3.700,2094.213
-4.948,22.000,3.658,3.695,3.692,3.694,3.697,3.700,2095.235
-4.954,21.990,3.658,3.694,3.692,3.694,3.697,3.700,2096.258
-4.948,22.000,3.658,3.694,3.691,3.694,3.696,3.699,2097.281
-4.947,22.000,3.657,3.694,3.691,3.694,3.696,3.699,2098.304
-4.951,21.990,3.657,3.694,3.691,3.693,3.696,3.699,2099.328
-4.942,21.990,3.657,3.693,3.690,3.693,3.695,3.698,2100.351
-4.948,21.980,3.657,3.693,3.690,3.693,3.695,3.698,2101.372
-4.950,21.980,3.656,3.693,3.690,3.692,3.695,3.698,2102.394
-4.947,21.980,3.656,3.692,3.690,3.692,3.695,3.698,2103.417
-4.945,21.980,3.656,3.692,3.689,3.692,3.694,3.697,2104.438
-4.951,21.970,3.655,3.692,3.689,3.692,3.694,3.697,2105.461
-4.950,21.970,3.655,3.692,3.688,3.692,3.694,3.697,2106.483
-4.947,21.980,3.655,3.691,3.688,3.691,3.693,3.696,2107.505
-4.945,21.970,3.655,3.691,3.688,3.691,3.693,3.696,2108.528
-4.945,21.970,3.655,3.691,3.688,3.690,3.693,3.696,2109.553
-4.944,21.970,3.654,3.690,3.687,3.690,3.692,3.696,2110.575
-4.945,21.970,3.654,3.690,3.687,3.690,3.692,3.695,2111.598
-4.957,21.960,3.653,3.690,3.687,3.690,3.692,3.695,2112.621
-4.956,21.970,3.653,3.690,3.687,3.689,3.692,3.695,2113.643
-4.950,21.970,3.653,3.689,3.686,3.689,3.691,3.694,2114.665
-4.947,21.960,3.653,3.689,3.686,3.689,3.691,3.694,2115.688
-4.951,21.960,3.652,3.689,3.686,3.688,3.691,3.694,2116.711
-4.950,21.960,3.652,3.689,3.686,3.688,3.691,3.693,2117.734
-4.953,21.960,3.652,3.688,3.685,3.688,3.690,3.693,2118.757
-4.954,21.960,3.652,3.688,3.685,3.688,3.690,3.693,2119.781
-4.953,21.950,3.651,3.688,3.684,3.687,3.690,3.693,2120.804
-4.950,21.960,3.651,3.687,3.684,3.687,3.689,3.692,2121.825
-4.956,21.960,3.651,3.687,3.684,3.687,3.689,3.692,2122.847
-4.944,21.950,3.651,3.687,3.684,3.686,3.689,3.692,2123.869
-4.944,21.950,3.650,3.686,3.684,3.686,3.688,3.692,2124.891
-4.944,21.940,3.650,3.686,3.683,3.686,3.688,3.691,2125.913
-4.951,21.940,3.650,3.686,3.683,3.686,3.688,3.691,2126.936
-4.954,21.940,3.649,3.685,3.682,3.685,3.688,3.691,2127.959
-4.954,21.940,3.649,3.685,3.682,3.685,3.688,3.690,2128.980
-4.945,21.940,3.649,3.685,3.682,3.685,3.687,3.690,2130.005
-4.957,21.940,3.648,3.685,3.682,3.684,3.687,3.690,2131.027
-4.947,21.930,3.648,3.684,3.681,3.684,3.686,3.690,2132.050
-4.948,21.930,3.648,3.684,3.681,3.684,3.686,3.689,2133.073
-4.948,21.930,3.648,3.684,3.681,3.683,3.686,3.689,2134.096
-4.948,21.930,3.647,3.684,3.681,3.683,3.685,3.689,2135.119
-4.959,21.930,3.647,3.683,3.680,3.683,3.685,3.688,2136.142
-4.953,21.930,3.646,3.683,3.680,3.682,3.685,3.688,2137.165
-4.963,21.930,3.646,3.682,3.679,3.682,3.685,3.688,2138.187
-4.948,21.920,3.646,3.682,3.679,3.682,3.685,3.688,2139.209
-4.947,21.940,3.646,3.682,3.679,3.682,3.684,3.687,2140.233
-4.953,21.930,3.645,3.682,3.679,3.682,3.684,3.687,2141.256
-4.945,21.920,3.645,3.682,3.678,3.681,3.683,3.687,2142.279
-4.944,21.920,3.645,3.681,3.678,3.681,3.683,3.686,2143.302
-4.948,21.910,3.645,3.681,3.678,3.681,3.683,3.686,2144.324
-4.947,21.920,3.644,3.681,3.678,3.680,3.683,3.686,2145.347
-4.947,21.920,3.644,3.680,3.677,3.680,3.683,3.686,2146.370
-4.945,21.910,3.643,3.680,3.677,3.680,3.682,3.685,2147.393
-4.948,21.910,3.643,3.680,3.677,3.680,3.682,3.685,2148.414
-4.948,21.910,3.643,3.679,3.677,3.680,3.682,3.685,2149.437
-4.947,21.910,3.643,3.679,3.676,3.679,3.681,3.684,2150.462
-4.945,21.910,3.643,3.679,3.675,3.679,3.681,3.684,2151.484
-4.945,21.910,3.642,3.679,3.676,3.678,3.681,3.684,2152.507
-4.951,21.900,3.642,3.678,3.675,3.678,3.680,3.683,2153.530
-4.944,21.900,3.642,3.678,3.675,3.678,3.680,3.683,2154.552
-4.945,21.900,3.641,3.678,3.675,3.677,3.680,3.683,2155.574
-4.950,21.900,3.641,3.678,3.674,3.677,3.679,3.683,2156.597
-4.944,21.890,3.641,3.677,3.674,3.677,3.680,3.683,2157.620
-4.947,21.890,3.641,3.677,3.674,3.677,3.679,3.682,2158.643
-4.959,21.890,3.640,3.677,3.674,3.676,3.678,3.682,2159.666
-4.954,21.880,3.640,3.677,3.673,3.676,3.678,3.682,2160.691
-4.951,21.890,3.639,3.676,3.673,3.675,3.678,3.681,2161.713
-4.947,21.880,3.639,3.676,3.673,3.675,3.678,3.681,2162.736
-4.950,21.890,3.639,3.676,3.672,3.675,3.678,3.681,2163.759
-4.951,21.880,3.639,3.675,3.672,3.675,3.677,3.680,2164.781
-4.954,21.890,3.638,3.675,3.672,3.675,3.677,3.680,2165.803
-4.947,21.880,3.638,3.675,3.671,3.674,3.677,3.680,2166.826
-4.951,21.880,3.638,3.674,3.671,3.674,3.676,3.679,2167.849
-4.953,21.870,3.638,3.674,3.671,3.674,3.676,3.679,2168.872
-4.945,21.870,3.637,3.674,3.671,3.674,3.676,3.679,2169.895
-4.948,21.870,3.637,3.673,3.670,3.673,3.675,3.679,2170.919
-4.957,21.880,3.636,3.673,3.670,3.673,3.675,3.678,2171.942
-4.945,21.870,3.636,3.673,3.670,3.672,3.675,3.678,2172.964
-4.950,21.870,3.636,3.672,3.670,3.672,3.674,3.678,2173.986
-4.947,21.870,3.636,3.672,3.669,3.672,3.674,3.678,2175.009
-4.941,21.870,3.636,3.672,3.669,3.672,3.674,3.677,2176.032
-4.945,21.850,3.635,3.672,3.669,3.672,3.674,3.677,2177.055
-4.945,21.860,3.635,3.672,3.668,3.671,3.673,3.677,2178.078
-4.950,21.850,3.635,3.671,3.668,3.671,3.673,3.676,2179.101
-4.948,21.850,3.634,3.671,3.668,3.670,3.673,3.676,2180.123
-4.945,21.870,3.634,3.670,3.667,3.670,3.673,3.676,2181.147
-4.951,21.850,3.634,3.670,3.667,3.670,3.672,3.675,2182.169
-4.959,21.850,3.633,3.670,3.667,3.670,3.672,3.674,2183.191
-4.953,21.850,3.633,3.670,3.666,3.669,3.672,3.675,2184.214
-4.948,21.860,3.633,3.669,3.666,3.669,3.671,3.675,2185.236
-4.948,21.840,3.632,3.669,3.666,3.669,3.671,3.674,2186.259
-4.948,21.840,3.632,3.669,3.666,3.669,3.671,3.674,2187.282
-4.947,21.830,3.632,3.668,3.665,3.668,3.670,3.673,2188.305
-4.947,21.830,3.632,3.668,3.665,3.668,3.670,3.673,2189.328
-4.945,21.840,3.631,3.668,3.665,3.668,3.670,3.673,2190.351
-4.950,21.830,3.631,3.668,3.664,3.667,3.670,3.673,2191.374
-4.950,21.840,3.631,3.667,3.664,3.667,3.669,3.672,2192.396
-4.942,21.830,3.630,3.667,3.664,3.666,3.669,3.672,2193.418
-4.947,21.840,3.630,3.667,3.663,3.666,3.669,3.672,2194.440
-4.944,21.830,3.630,3.666,3.663,3.666,3.669,3.671,2195.463
-4.942,21.820,3.630,3.666,3.663,3.666,3.668,3.671,2196.487
-4.948,21.820,3.629,3.666,3.662,3.665,3.668,3.671,2197.509
-4.951,21.820,3.629,3.665,3.662,3.665,3.667,3.670,2198.532
-4.950,21.820,3.629,3.665,3.662,3.665,3.667,3.670,2199.554
-4.950,21.820,3.628,3.665,3.662,3.665,3.667,3.670,2200.576
-4.950,21.820,3.628,3.665,3.662,3.664,3.667,3.670,2201.601
-4.947,21.820,3.628,3.664,3.661,3.664,3.666,3.669,2202.624
-4.947,21.820,3.628,3.664,3.661,3.664,3.666,3.669,2203.645
-4.951,21.820,3.627,3.664,3.660,3.664,3.666,3.669,2204.667
-4.954,21.810,3.627,3.664,3.660,3.663,3.665,3.668,2205.690
-4.959,21.800,3.626,3.663,3.660,3.663,3.665,3.668,2206.713
-4.954,21.810,3.626,3.663,3.659,3.662,3.665,3.668,2207.736
-4.947,21.800,3.625,3.662,3.659,3.662,3.665,3.668,2208.758
-4.947,21.810,3.625,3.662,3.659,3.662,3.664,3.667,2209.780
-4.951,21.800,3.625,3.662,3.659,3.662,3.664,3.667,2210.803
-4.945,21.800,3.625,3.662,3.659,3.661,3.664,3.667,2211.827
-4.945,21.790,3.625,3.661,3.658,3.661,3.663,3.666,2212.850
-4.944,21.800,3.625,3.661,3.657,3.661,3.663,3.666,2213.873
-4.951,21.790,3.624,3.661,3.657,3.660,3.663,3.666,2214.894
-4.942,21.790,3.624,3.661,3.657,3.660,3.663,3.665,2215.916
-4.947,21.790,3.624,3.660,3.657,3.660,3.662,3.665,2216.938
-4.948,21.790,3.623,3.660,3.657,3.660,3.662,3.665,2217.961
-4.953,21.780,3.623,3.660,3.656,3.659,3.661,3.665,2218.984
-4.953,21.790,3.623,3.659,3.656,3.659,3.661,3.664,2220.006
-4.947,21.780,3.622,3.659,3.656,3.659,3.661,3.664,2221.029
-4.950,21.780,3.622,3.659,3.655,3.658,3.661,3.664,2222.052
-4.947,21.780,3.622,3.658,3.655,3.658,3.660,3.663,2223.074
-4.947,21.780,3.621,3.658,3.655,3.658,3.660,3.663,2224.097
-4.948,21.780,3.621,3.658,3.654,3.657,3.660,3.663,2225.120
-4.944,21.780,3.621,3.658,3.654,3.657,3.659,3.662,2226.141
-4.950,21.770,3.621,3.657,3.654,3.657,3.659,3.662,2227.164
-4.950,21.780,3.620,3.657,3.654,3.657,3.659,3.662,2228.187
-4.942,21.770,3.620,3.656,3.653,3.657,3.659,3.662,2229.209
-4.956,21.770,3.620,3.656,3.653,3.656,3.658,3.661,2230.232
-4.959,21.770,3.619,3.656,3.652,3.656,3.658,3.661,2231.255
-4.948,21.760,3.619,3.655,3.652,3.655,3.658,3.660,2232.280
-4.948,21.770,3.619,3.655,3.652,3.655,3.657,3.660,2233.302
-4.954,21.760,3.618,3.655,3.652,3.655,3.657,3.660,2234.324
-4.950,21.760,3.618,3.655,3.652,3.654,3.657,3.659,2235.346
-4.950,21.770,3.618,3.655,3.651,3.654,3.657,3.660,2236.369
-4.948,21.770,3.617,3.654,3.651,3.654,3.656,3.659,2237.390
-4.947,21.760,3.617,3.654,3.651,3.654,3.656,3.659,2238.412
-4.948,21.750,3.617,3.653,3.650,3.653,3.655,3.659,2239.434
-4.948,21.750,3.617,3.653,3.650,3.653,3.655,3.658,2240.457
-4.947,21.750,3.616,3.653,3.650,3.653,3.655,3.658,2241.480
-4.944,21.750,3.616,3.653,3.650,3.652,3.655,3.657,2242.503
-4.948,21.750,3.616,3.652,3.649,3.652,3.654,3.657,2243.526
-4.950,21.750,3.616,3.652,3.649,3.651,3.654,3.657,2244.548
-4.951,21.740,3.615,3.652,3.648,3.652,3.654,3.657,2245.571
-4.947,21.740,3.615,3.651,3.648,3.651,3.653,3.657,2246.594
-4.950,21.740,3.615,3.651,3.648,3.651,3.653,3.656,2247.616
-4.950,21.740,3.614,3.651,3.648,3.651,3.653,3.656,2248.638
-4.948,21.740,3.614,3.651,3.647,3.650,3.653,3.656,2249.661
-4.950,21.730,3.614,3.650,3.647,3.650,3.652,3.655,2250.683
-4.953,21.730,3.613,3.649,3.646,3.650,3.652,3.655,2251.705
-4.945,21.740,3.613,3.650,3.646,3.649,3.652,3.655,2252.730
-4.956,21.730,3.613,3.649,3.646,3.649,3.651,3.655,2253.752
-4.951,21.730,3.612,3.649,3.645,3.649,3.651,3.654,2254.774
-4.945,21.730,3.612,3.648,3.645,3.649,3.651,3.653,2255.796
-4.947,21.730,3.612,3.648,3.645,3.648,3.650,3.653,2256.819
-4.950,21.720,3.612,3.648,3.645,3.648,3.650,3.653,2257.842
-4.945,21.720,3.611,3.648,3.645,3.648,3.650,3.653,2258.865
-4.951,21.710,3.611,3.648,3.644,3.647,3.650,3.653,2259.887
-4.944,21.720,3.611,3.647,3.644,3.647,3.649,3.652,2260.910
-4.950,21.710,3.610,3.647,3.644,3.647,3.649,3.651,2261.933
-4.945,21.710,3.610,3.647,3.643,3.646,3.649,3.651,2262.958
-4.947,21.710,3.610,3.646,3.643,3.646,3.648,3.651,2263.980
-4.953,21.700,3.609,3.646,3.643,3.646,3.648,3.651,2265.003
-4.944,21.710,3.609,3.646,3.643,3.645,3.648,3.651,2266.024
-4.948,21.700,3.609,3.645,3.642,3.645,3.647,3.650,2267.047
-4.948,21.700,3.608,3.645,3.642,3.645,3.647,3.650,2268.070
-4.944,21.700,3.608,3.645,3.642,3.645,3.647,3.650,2269.092
-4.950,21.700,3.608,3.645,3.641,3.644,3.646,3.650,2270.115
-4.947,21.690,3.608,3.644,3.641,3.644,3.646,3.649,2271.138
-4.954,21.700,3.607,3.644,3.641,3.644,3.646,3.649,2272.161
-4.957,21.700,3.607,3.644,3.641,3.643,3.646,3.648,2273.185
-4.950,21.690,3.607,3.643,3.640,3.643,3.645,3.648,2274.207
-4.951,21.700,3.606,3.643,3.640,3.643,3.645,3.648,2275.230
-4.954,21.680,3.606,3.643,3.640,3.643,3.645,3.648,2276.253
-4.966,21.680,3.606,3.642,3.639,3.642,3.644,3.647,2277.276
-4.957,21.680,3.605,3.642,3.639,3.642,3.644,3.647,2278.297
-4.950,21.680,3.605,3.641,3.639,3.641,3.644,3.647,2279.320
-4.948,21.680,3.605,3.641,3.638,3.641,3.644,3.646,2280.341
-4.948,21.680,3.605,3.641,3.638,3.641,3.643,3.646,2281.364
-4.951,21.670,3.604,3.641,3.638,3.641,3.643,3.646,2282.386
-4.948,21.680,3.604,3.641,3.637,3.640,3.642,3.646,2283.409
-4.953,21.660,3.603,3.640,3.637,3.640,3.643,3.645,2284.432
-4.944,21.670,3.603,3.640,3.637,3.640,3.642,3.645,2285.455
-4.950,21.670,3.603,3.640,3.636,3.640,3.642,3.645,2286.478
-4.948,21.660,3.603,3.639,3.636,3.638,3.641,3.645,2287.501
-4.945,21.660,3.602,3.639,3.636,3.639,3.641,3.644,2288.524
-4.948,21.660,3.602,3.639,3.635,3.639,3.641,3.644,2289.546
-4.951,21.650,3.602,3.638,3.635,3.638,3.641,3.643,2290.569
-4.951,21.660,3.602,3.638,3.635,3.638,3.640,3.643,2291.592
-4.947,21.650,3.601,3.638,3.635,3.638,3.640,3.643,2292.615
-4.945,21.660,3.601,3.638,3.634,3.637,3.640,3.643,2293.640
-4.947,21.650,3.601,3.637,3.634,3.637,3.639,3.642,2294.663
-4.945,21.650,3.600,3.637,3.634,3.637,3.639,3.642,2295.686
-4.948,21.650,3.600,3.636,3.633,3.636,3.639,3.642,2296.709
-4.942,21.650,3.600,3.636,3.633,3.636,3.638,3.641,2297.732
-4.945,21.660,3.599,3.636,3.633,3.635,3.638,3.641,2298.754
-4.956,21.650,3.599,3.636,3.633,3.635,3.638,3.641,2299.777
-4.957,21.650,3.598,3.635,3.632,3.635,3.638,3.640,2300.800
-4.951,21.640,3.598,3.635,3.632,3.635,3.637,3.640,2301.822
-4.948,21.640,3.598,3.635,3.631,3.634,3.637,3.640,2302.844
-4.947,21.650,3.598,3.635,3.631,3.634,3.636,3.639,2303.869
-4.944,21.640,3.597,3.634,3.631,3.634,3.636,3.639,2304.891
-4.944,21.630,3.597,3.634,3.630,3.634,3.636,3.639,2305.914
-4.950,21.630,3.597,3.633,3.630,3.633,3.635,3.638,2306.936
-4.950,21.630,3.597,3.633,3.630,3.633,3.635,3.638,2307.958
-4.945,21.630,3.596,3.633,3.630,3.632,3.635,3.638,2308.981
-4.948,21.630,3.596,3.632,3.629,3.632,3.635,3.638,2310.003
-4.947,21.620,3.596,3.632,3.629,3.632,3.634,3.637,2311.025
-4.950,21.620,3.596,3.632,3.629,3.632,3.634,3.637,2312.048
-4.947,21.640,3.595,3.632,3.628,3.631,3.634,3.637,2313.071
-4.950,21.620,3.594,3.631,3.628,3.631,3.633,3.636,2314.095
-4.950,21.620,3.594,3.631,3.628,3.631,3.633,3.636,2315.118
-4.947,21.610,3.594,3.631,3.627,3.630,3.633,3.636,2316.141
-4.947,21.620,3.594,3.630,3.627,3.630,3.632,3.636,2317.164
-4.948,21.610,3.594,3.630,3.627,3.630,3.632,3.635,2318.187
-4.945,21.610,3.593,3.630,3.626,3.630,3.632,3.635,2319.209
-4.945,21.610,3.593,3.630,3.626,3.629,3.632,3.634,2320.232
-4.945,21.600,3.593,3.629,3.626,3.629,3.631,3.634,2321.255
-4.953,21.600,3.592,3.629,3.626,3.629,3.631,3.634,2322.277
-4.954,21.600,3.592,3.629,3.625,3.628,3.631,3.634,2323.299
-4.959,21.600,3.591,3.628,3.625,3.628,3.630,3.633,2324.324
-4.942,21.590,3.591,3.628,3.625,3.628,3.630,3.633,2325.346
-4.945,21.600,3.591,3.628,3.625,3.628,3.629,3.633,2326.368
-4.945,21.600,3.591,3.627,3.624,3.627,3.629,3.632,2327.390
-4.947,21.590,3.591,3.627,3.624,3.627,3.629,3.632,2328.413
-4.947,21.600,3.590,3.627,3.624,3.626,3.629,3.632,2329.436
-4.945,21.590,3.590,3.626,3.623,3.626,3.629,3.631,2330.459
-4.947,21.590,3.589,3.626,3.623,3.626,3.628,3.631,2331.481
-4.950,21.590,3.589,3.625,3.623,3.625,3.628,3.631,2332.503
-4.962,21.590,3.589,3.625,3.622,3.625,3.627,3.631,2333.526
-4.954,21.590,3.589,3.625,3.622,3.625,3.627,3.630,2334.551
-4.948,21.580,3.588,3.625,3.622,3.625,3.627,3.630,2335.573
-4.941,21.580,3.588,3.624,3.621,3.624,3.626,3.630,2336.596
-4.942,21.570,3.588,3.624,3.621,3.624,3.626,3.629,2337.619
-4.947,21.580,3.587,3.624,3.621,3.623,3.626,3.629,2338.641
-4.947,21.580,3.587,3.624,3.621,3.623,3.626,3.629,2339.663
-4.944,21.570,3.587,3.624,3.620,3.623,3.625,3.628,2340.686
-4.947,21.570,3.586,3.623,3.620,3.623,3.625,3.628,2341.708
-4.947,21.570,3.586,3.623,3.619,3.622,3.625,3.627,2342.730
-4.947,21.570,3.586,3.623,3.619,3.622,3.624,3.627,2343.752
-4.948,21.570,3.585,3.622,3.619,3.622,3.624,3.627,2344.776
-4.944,21.560,3.585,3.621,3.618,3.621,3.624,3.627,2345.798
-4.957,21.560,3.585,3.621,3.618,3.621,3.624,3.626,2346.821
-4.960,21.560,3.584,3.621,3.618,3.621,3.623,3.626,2347.844
-4.942,21.560,3.584,3.621,3.618,3.620,3.623,3.626,2348.868
-4.950,21.560,3.584,3.620,3.617,3.620,3.622,3.626,2349.891
-4.947,21.550,3.584,3.620,3.617,3.620,3.622,3.625,2350.914
-4.957,21.560,3.583,3.620,3.617,3.619,3.622,3.625,2351.937
-4.942,21.540,3.583,3.620,3.616,3.619,3.622,3.625,2352.958
-4.948,21.550,3.583,3.619,3.616,3.619,3.621,3.624,2353.980
-4.945,21.540,3.582,3.619,3.616,3.618,3.621,3.624,2355.004
-4.950,21.540,3.582,3.619,3.615,3.618,3.621,3.624,2356.026
-4.954,21.540,3.582,3.618,3.615,3.618,3.620,3.623,2357.048
-4.950,21.530,3.581,3.618,3.614,3.618,3.620,3.623,2358.071
-4.945,21.530,3.581,3.618,3.614,3.617,3.620,3.623,2359.093
-4.950,21.530,3.581,3.617,3.614,3.617,3.619,3.622,2360.115
-4.951,21.530,3.580,3.617,3.613,3.617,3.619,3.622,2361.138
-4.944,21.530,3.580,3.617,3.613,3.616,3.619,3.622,2362.160
-4.945,21.530,3.580,3.617,3.613,3.616,3.619,3.621,2363.182
-4.948,21.530,3.579,3.616,3.613,3.616,3.619,3.621,2364.204
-4.948,21.520,3.579,3.616,3.613,3.615,3.618,3.621,2365.228
-4.947,21.530,3.579,3.615,3.612,3.615,3.618,3.621,2366.250
-4.951,21.520,3.578,3.615,3.611,3.615,3.617,3.620,2367.273
-4.945,21.510,3.578,3.615,3.611,3.615,3.617,3.620,2368.296
-4.948,21.520,3.578,3.614,3.611,3.614,3.617,3.619,2369.319
-4.956,21.520,3.578,3.614,3.611,3.614,3.617,3.619,2370.340
-4.954,21.510,3.577,3.614,3.611,3.613,3.616,3.619,2371.363
-4.948,21.510,3.577,3.613,3.610,3.613,3.616,3.618,2372.386
-4.947,21.510,3.577,3.613,3.610,3.613,3.615,3.618,2373.407
-4.948,21.510,3.576,3.613,3.610,3.612,3.615,3.618,2374.429
-4.944,21.500,3.576,3.613,3.609,3.612,3.615,3.618,2375.453
-4.944,21.500,3.576,3.612,3.609,3.612,3.615,3.617,2376.475
-4.944,21.500,3.575,3.612,3.609,3.611,3.614,3.617,2377.498
-4.948,21.500,3.575,3.612,3.608,3.611,3.614,3.617,2378.521
-4.945,21.500,3.575,3.611,3.608,3.611,3.614,3.616,2379.542
-4.947,21.500,3.575,3.611,3.608,3.611,3.613,3.616,2380.565
-4.951,21.490,3.574,3.611,3.608,3.611,3.613,3.616,2381.587
-4.944,21.490,3.574,3.610,3.607,3.610,3.613,3.616,2382.609
-4.944,21.490,3.574,3.610,3.607,3.610,3.613,3.615,2383.631
-4.945,21.490,3.573,3.610,3.607,3.609,3.612,3.615,2384.653
-4.948,21.490,3.573,3.609,3.606,3.609,3.612,3.614,2385.678
-4.948,21.490,3.573,3.609,3.606,3.609,3.611,3.614,2386.700
-4.945,21.490,3.572,3.609,3.606,3.609,3.611,3.614,2387.723
-4.944,21.490,3.572,3.608,3.605,3.608,3.611,3.614,2388.746
-4.947,21.500,3.571,3.608,3.605,3.608,3.610,3.613,2389.768
-4.942,21.480,3.571,3.608,3.605,3.608,3.610,3.613,2390.790
-4.942,21.480,3.571,3.607,3.604,3.607,3.610,3.613,2391.812
-4.954,21.470,3.571,3.607,3.604,3.607,3.610,3.612,2392.834
-4.953,21.470,3.570,3.607,3.604,3.606,3.609,3.612,2393.856
-4.956,21.470,3.570,3.607,3.603,3.606,3.608,3.611,2394.878
-4.945,21.470,3.570,3.606,3.603,3.606,3.608,3.611,2395.903
-4.944,21.470,3.569,3.606,3.603,3.605,3.608,3.611,2396.925
-4.942,21.470,3.569,3.606,3.602,3.605,3.608,3.611,2397.948
-4.944,21.460,3.569,3.606,3.602,3.605,3.607,3.610,2398.970
-4.948,21.460,3.568,3.605,3.602,3.605,3.607,3.610,2399.993
-4.944,21.460,3.568,3.605,3.601,3.604,3.607,3.610,2401.016
-4.948,21.460,3.568,3.604,3.601,3.604,3.606,3.609,2402.039
-4.947,21.450,3.567,3.604,3.600,3.604,3.606,3.609,2403.062
-4.945,21.460,3.568,3.604,3.601,3.603,3.606,3.609,2404.084
-4.956,21.460,3.567,3.603,3.600,3.603,3.606,3.608,2405.106
-4.945,21.450,3.567,3.603,3.600,3.603,3.605,3.608,2406.130
-4.947,21.450,3.566,3.603,3.600,3.602,3.605,3.608,2407.152
-4.947,21.450,3.566,3.602,3.599,3.602,3.604,3.608,2408.175
-4.948,21.440,3.565,3.602,3.599,3.602,3.604,3.608,2409.198
-4.948,21.440,3.565,3.601,3.598,3.601,3.604,3.607,2410.221
-4.942,21.440,3.565,3.602,3.598,3.601,3.604,3.607,2411.244
-4.944,21.440,3.565,3.601,3.598,3.601,3.603,3.606,2412.267
-4.941,21.440,3.564,3.601,3.598,3.601,3.603,3.606,2413.289
-4.951,21.430,3.564,3.601,3.597,3.600,3.603,3.606,2414.311
-4.953,21.430,3.564,3.600,3.597,3.600,3.603,3.606,2415.334
-4.950,21.440,3.563,3.600,3.596,3.600,3.602,3.605,2416.358
-4.957,21.430,3.563,3.600,3.596,3.599,3.602,3.605,2417.381
-4.959,21.430,3.563,3.599,3.596,3.599,3.601,3.604,2418.403
-4.947,21.430,3.563,3.599,3.596,3.598,3.601,3.604,2419.426
-4.947,21.430,3.562,3.598,3.595,3.598,3.601,3.604,2420.449
-4.947,21.420,3.561,3.598,3.595,3.598,3.600,3.603,2421.472
-4.947,21.420,3.561,3.598,3.595,3.598,3.600,3.603,2422.495
-4.945,21.420,3.561,3.598,3.595,3.597,3.600,3.603,2423.517
-4.948,21.420,3.561,3.597,3.594,3.597,3.600,3.602,2424.540
-4.947,21.420,3.560,3.597,3.594,3.596,3.599,3.602,2425.563
-4.950,21.410,3.560,3.596,3.593,3.596,3.599,3.602,2426.588
-4.948,21.410,3.560,3.596,3.593,3.596,3.599,3.601,2427.610
-4.950,21.410,3.559,3.596,3.593,3.596,3.598,3.601,2428.632
-4.951,21.410,3.559,3.596,3.592,3.595,3.598,3.601,2429.654
-4.948,21.410,3.558,3.595,3.592,3.595,3.598,3.601,2430.677
-4.947,21.410,3.558,3.595,3.592,3.595,3.597,3.600,2431.700
-4.954,21.410,3.558,3.595,3.591,3.594,3.597,3.600,2432.723
-4.962,21.390,3.558,3.594,3.591,3.594,3.596,3.600,2433.745
-4.957,21.400,3.558,3.594,3.591,3.594,3.596,3.599,2434.767
-4.947,21.380,3.557,3.594,3.591,3.593,3.596,3.599,2435.790
-4.947,21.390,3.557,3.593,3.590,3.593,3.595,3.599,2436.814
-4.945,21.380,3.557,3.593,3.590,3.593,3.595,3.598,2437.837
-4.950,21.390,3.556,3.593,3.589,3.592,3.595,3.598,2438.859
-4.948,21.380,3.556,3.593,3.588,3.592,3.595,3.598,2439.881
-4.956,21.390,3.556,3.592,3.589,3.592,3.594,3.597,2440.904
-4.959,21.380,3.555,3.592,3.589,3.591,3.594,3.597,2441.926
-4.951,21.380,3.555,3.591,3.588,3.591,3.594,3.597,2442.948
-4.948,21.370,3.554,3.591,3.588,3.591,3.594,3.596,2443.970
-4.947,21.370,3.554,3.591,3.588,3.591,3.593,3.596,2444.992
-4.948,21.380,3.554,3.591,3.587,3.590,3.593,3.595,2446.015
-4.951,21.370,3.554,3.590,3.587,3.590,3.593,3.595,2447.040
-4.948,21.370,3.553,3.590,3.586,3.589,3.592,3.595,2448.063
-4.948,21.370,3.553,3.590,3.586,3.589,3.592,3.595,2449.086
-4.948,21.370,3.553,3.589,3.586,3.589,3.592,3.594,2450.109
-4.945,21.360,3.552,3.589,3.586,3.589,3.591,3.594,2451.131
-4.944,21.360,3.552,3.588,3.585,3.588,3.591,3.594,2452.153
-4.942,21.360,3.552,3.588,3.585,3.588,3.591,3.593,2453.176
-4.948,21.370,3.552,3.588,3.585,3.588,3.590,3.593,2454.198
-4.948,21.350,3.551,3.588,3.584,3.587,3.590,3.593,2455.221
-4.944,21.360,3.551,3.587,3.584,3.587,3.589,3.592,2456.244
-4.948,21.350,3.550,3.587,3.584,3.587,3.589,3.592,2457.269
-4.945,21.350,3.550,3.586,3.583,3.586,3.589,3.592,2458.292
-4.954,21.350,3.550,3.586,3.583,3.586,3.589,3.592,2459.314
-4.947,21.350,3.549,3.586,3.583,3.586,3.588,3.591,2460.337
-4.948,21.350,3.549,3.586,3.582,3.585,3.588,3.591,2461.359
-4.945,21.350,3.549,3.585,3.582,3.585,3.588,3.591,2462.381
-4.944,21.340,3.549,3.585,3.582,3.585,3.587,3.590,2463.403
-4.968,21.340,3.548,3.585,3.581,3.584,3.587,3.590,2464.425
-4.956,21.340,3.548,3.584,3.581,3.584,3.586,3.590,2465.448
-4.947,21.350,3.547,3.584,3.581,3.584,3.586,3.589,2466.470
-4.948,21.340,3.547,3.584,3.580,3.583,3.586,3.589,2467.494
-4.945,21.330,3.547,3.583,3.580,3.583,3.586,3.589,2468.516
-4.951,21.330,3.547,3.583,3.580,3.583,3.585,3.589,2469.539
-4.947,21.330,3.546,3.582,3.579,3.582,3.585,3.588,2470.562
-4.951,21.330,3.546,3.582,3.579,3.582,3.585,3.588,2471.585
-4.950,21.320,3.546,3.582,3.579,3.582,3.584,3.588,2472.606
-4.950,21.320,3.545,3.582,3.578,3.582,3.584,3.587,2473.628
-4.945,21.320,3.544,3.581,3.578,3.581,3.584,3.587,2474.651
-4.947,21.320,3.544,3.581,3.578,3.581,3.583,3.587,2475.674
-4.945,21.320,3.544,3.581,3.577,3.580,3.583,3.586,2476.697
-4.945,21.330,3.544,3.581,3.577,3.580,3.582,3.586,2477.722
-4.954,21.330,3.544,3.580,3.577,3.580,3.583,3.585,2478.745
-4.948,21.320,3.543,3.580,3.576,3.580,3.582,3.585,2479.768
-4.947,21.310,3.543,3.580,3.576,3.579,3.582,3.585,2480.791
-4.956,21.310,3.543,3.579,3.576,3.579,3.582,3.584,2481.814
-4.948,21.310,3.542,3.579,3.576,3.579,3.581,3.584,2482.836
-4.947,21.300,3.542,3.579,3.575,3.578,3.581,3.584,2483.858
-4.950,21.310,3.542,3.578,3.575,3.578,3.581,3.584,2484.881
-4.950,21.300,3.541,3.578,3.575,3.578,3.580,3.583,2485.904
-4.950,21.300,3.541,3.578,3.574,3.577,3.580,3.583,2486.926
-4.954,21.300,3.541,3.577,3.574,3.577,3.579,3.582,2487.951
-4.957,21.290,3.540,3.577,3.574,3.576,3.579,3.582,2488.973
-4.942,21.290,3.540,3.577,3.573,3.576,3.579,3.582,2489.995
-4.944,21.290,3.540,3.576,3.573,3.576,3.579,3.582,2491.018
-4.948,21.300,3.540,3.576,3.573,3.576,3.578,3.581,2492.040
-4.942,21.290,3.539,3.576,3.572,3.575,3.578,3.581,2493.062
-4.951,21.290,3.539,3.575,3.572,3.575,3.577,3.581,2494.084
-4.948,21.290,3.539,3.575,3.572,3.575,3.577,3.580,2495.106
-4.944,21.280,3.539,3.575,3.571,3.574,3.577,3.580,2496.129
-4.947,21.280,3.538,3.575,3.571,3.574,3.577,3.579,2497.150
-4.948,21.280,3.538,3.574,3.571,3.574,3.577,3.579,2498.175
-4.942,21.280,3.537,3.574,3.571,3.574,3.576,3.579,2499.197
-4.957,21.280,3.537,3.574,3.570,3.573,3.576,3.579,2500.220
-4.945,21.280,3.537,3.573,3.570,3.573,3.576,3.579,2501.243
-4.953,21.270,3.537,3.573,3.570,3.573,3.575,3.578,2502.266
-4.950,21.270,3.536,3.573,3.569,3.572,3.575,3.578,2503.288
-4.947,21.270,3.536,3.572,3.569,3.572,3.574,3.577,2504.311
-4.947,21.270,3.535,3.572,3.569,3.571,3.574,3.577,2505.334
-4.950,21.260,3.535,3.572,3.568,3.571,3.574,3.577,2506.357
-4.945,21.270,3.535,3.571,3.568,3.571,3.573,3.577,2507.380
-4.948,21.270,3.535,3.571,3.568,3.570,3.574,3.576,2508.404
-4.947,21.260,3.534,3.571,3.567,3.571,3.573,3.576,2509.427
-4.948,21.250,3.534,3.570,3.567,3.569,3.572,3.576,2510.450
-4.957,21.250,3.533,3.570,3.567,3.570,3.572,3.575,2511.473
-4.962,21.250,3.533,3.570,3.566,3.569,3.572,3.575,2512.495
-4.948,21.250,3.533,3.569,3.566,3.569,3.572,3.575,2513.518
-4.951,21.240,3.532,3.569,3.566,3.569,3.572,3.574,2514.541
-4.956,21.240,3.532,3.569,3.565,3.568,3.571,3.574,2515.564
-4.953,21.240,3.532,3.569,3.565,3.568,3.571,3.574,2516.586
-4.947,21.230,3.532,3.568,3.565,3.568,3.570,3.573,2517.608
-4.941,21.240,3.531,3.568,3.564,3.567,3.570,3.573,2518.633
-4.948,21.230,3.531,3.568,3.564,3.567,3.570,3.573,2519.655
-4.945,21.230,3.531,3.567,3.563,3.567,3.570,3.572,2520.678
-4.947,21.230,3.530,3.567,3.564,3.567,3.569,3.572,2521.701
-4.944,21.230,3.530,3.567,3.563,3.566,3.569,3.572,2522.723
-4.948,21.230,3.530,3.566,3.563,3.566,3.568,3.571,2523.746
-4.944,21.230,3.529,3.566,3.562,3.565,3.568,3.571,2524.769
-4.947,21.220,3.529,3.565,3.562,3.565,3.568,3.571,2525.792
-4.945,21.220,3.529,3.565,3.562,3.565,3.568,3.571,2526.815
-4.950,21.230,3.528,3.565,3.562,3.565,3.567,3.570,2527.837
-4.945,21.220,3.528,3.565,3.561,3.564,3.567,3.570,2528.861
-4.950,21.220,3.528,3.565,3.561,3.564,3.567,3.569,2529.883
-4.947,21.220,3.527,3.564,3.561,3.564,3.566,3.569,2530.906
-4.947,21.210,3.527,3.564,3.560,3.563,3.566,3.569,2531.929
-4.944,21.220,3.527,3.564,3.560,3.563,3.566,3.569,2532.951
-4.944,21.210,3.527,3.563,3.560,3.563,3.565,3.568,2533.974
-4.953,21.210,3.527,3.563,3.559,3.562,3.565,3.568,2534.997
-4.950,21.210,3.526,3.562,3.559,3.562,3.565,3.568,2536.020
-4.950,21.210,3.526,3.562,3.559,3.562,3.564,3.567,2537.043
-4.947,21.200,3.525,3.562,3.559,3.561,3.564,3.567,2538.065
-4.950,21.200,3.525,3.561,3.558,3.561,3.564,3.566,2539.089
-4.948,21.220,3.525,3.561,3.558,3.561,3.564,3.566,2540.111
-4.944,21.200,3.524,3.561,3.558,3.560,3.563,3.566,2541.132
-4.947,21.200,3.524,3.561,3.557,3.560,3.563,3.566,2542.154
-4.947,21.200,3.524,3.560,3.557,3.560,3.563,3.566,2543.176
-4.948,21.190,3.524,3.560,3.557,3.559,3.562,3.565,2544.198
-4.945,21.190,3.523,3.560,3.557,3.559,3.562,3.565,2545.221
-4.947,21.210,3.523,3.559,3.556,3.559,3.562,3.565,2546.244
-4.951,21.190,3.522,3.559,3.556,3.558,3.562,3.564,2547.267
-4.948,21.190,3.522,3.559,3.555,3.559,3.561,3.564,2548.289
-4.947,21.190,3.522,3.558,3.555,3.558,3.561,3.564,2549.314
-4.950,21.190,3.522,3.558,3.554,3.558,3.560,3.563,2550.336
-4.945,21.180,3.521,3.558,3.554,3.558,3.560,3.563,2551.358
-4.950,21.180,3.521,3.557,3.554,3.557,3.560,3.563,2552.380
-4.948,21.180,3.521,3.557,3.554,3.556,3.560,3.562,2553.402
-4.944,21.180,3.520,3.557,3.554,3.556,3.559,3.562,2554.424
-4.945,21.170,3.520,3.557,3.553,3.556,3.559,3.562,2555.446
-4.945,21.180,3.520,3.556,3.553,3.556,3.559,3.561,2556.469
-4.948,21.170,3.520,3.556,3.552,3.555,3.558,3.561,2557.491
-4.959,21.170,3.519,3.556,3.552,3.555,3.558,3.561,2558.513
-4.962,21.160,3.519,3.555,3.552,3.555,3.558,3.560,2559.537
-4.947,21.160,3.518,3.555,3.552,3.554,3.557,3.560,2560.560
-4.948,21.160,3.518,3.555,3.551,3.554,3.557,3.560,2561.583
-4.953,21.160,3.517,3.554,3.551,3.554,3.557,3.560,2562.606
-4.951,21.160,3.518,3.554,3.551,3.554,3.556,3.559,2563.628
-4.948,21.160,3.517,3.554,3.550,3.553,3.556,3.559,2564.650
-4.950,21.160,3.517,3.554,3.550,3.553,3.556,3.558,2565.673
-4.951,21.150,3.517,3.553,3.550,3.553,3.555,3.558,2566.696
-4.954,21.160,3.517,3.553,3.550,3.552,3.555,3.558,2567.718
-4.947,21.150,3.516,3.552,3.549,3.552,3.555,3.558,2568.741
-4.950,21.150,3.516,3.552,3.549,3.552,3.555,3.557,2569.766
-4.945,21.150,3.516,3.552,3.549,3.552,3.554,3.557,2570.788
-4.947,21.150,3.515,3.551,3.548,3.551,3.554,3.557,2571.811
-4.947,21.140,3.514,3.551,3.548,3.551,3.554,3.557,2572.834
-4.948,21.140,3.514,3.551,3.548,3.550,3.553,3.556,2573.856
-4.944,21.140,3.514,3.550,3.547,3.550,3.553,3.556,2574.878
-4.948,21.140,3.514,3.551,3.547,3.550,3.553,3.556,2575.901
-4.950,21.140,3.513,3.550,3.547,3.550,3.552,3.555,2576.924
-4.948,21.140,3.513,3.549,3.546,3.549,3.552,3.555,2577.946
-4.945,21.140,3.513,3.550,3.546,3.549,3.552,3.555,2578.969
-4.948,21.130,3.513,3.549,3.546,3.549,3.552,3.554,2579.994
-4.948,21.130,3.513,3.549,3.546,3.549,3.551,3.554,2581.016
-4.957,21.130,3.512,3.549,3.545,3.548,3.551,3.554,2582.038
-4.950,21.130,3.512,3.548,3.544,3.547,3.551,3.553,2583.060
-4.944,21.130,3.511,3.547,3.544,3.547,3.550,3.553,2584.082
-4.950,21.130,3.511,3.548,3.544,3.547,3.550,3.553,2585.105
-4.953,21.120,3.511,3.547,3.544,3.547,3.550,3.553,2586.128
-4.948,21.120,3.511,3.547,3.544,3.547,3.549,3.553,2587.150
-4.951,21.120,3.510,3.547,3.544,3.546,3.549,3.552,2588.172
-4.942,21.110,3.510,3.547,3.543,3.546,3.549,3.552,2589.195
-4.947,21.120,3.510,3.546,3.543,3.546,3.549,3.551,2590.219
-4.948,21.130,3.509,3.546,3.543,3.545,3.548,3.551,2591.242
-4.950,21.110,3.509,3.545,3.542,3.545,3.548,3.551,2592.264
-4.953,21.110,3.509,3.545,3.542,3.545,3.548,3.551,2593.286
-4.957,21.110,3.509,3.545,3.542,3.545,3.547,3.550,2594.309
-4.944,21.110,3.508,3.545,3.541,3.544,3.547,3.550,2595.330
-4.945,21.100,3.508,3.544,3.541,3.544,3.547,3.550,2596.353
-4.945,21.100,3.508,3.544,3.541,3.543,3.546,3.550,2597.375
-4.947,21.100,3.507,3.544,3.540,3.543,3.546,3.549,2598.397
-4.951,21.090,3.507,3.544,3.540,3.543,3.546,3.549,2599.420
-4.950,21.090,3.507,3.543,3.540,3.543,3.546,3.548,2600.443
-4.956,21.090,3.507,3.543,3.539,3.542,3.545,3.548,2601.465
-4.945,21.090,3.506,3.543,3.539,3.542,3.545,3.548,2602.488
-4.948,21.090,3.506,3.542,3.539,3.542,3.545,3.547,2603.510
-4.948,21.090,3.506,3.542,3.539,3.542,3.545,3.547,2604.532
-4.953,21.080,3.505,3.542,3.538,3.541,3.544,3.547,2605.555
-4.962,21.080,3.505,3.541,3.538,3.541,3.544,3.547,2606.578
-4.945,21.080,3.504,3.541,3.538,3.541,3.544,3.546,2607.600
-4.948,21.080,3.504,3.541,3.537,3.540,3.543,3.546,2608.622
-4.956,21.080,3.504,3.541,3.537,3.540,3.543,3.546,2609.645
-4.948,21.070,3.504,3.540,3.537,3.540,3.543,3.546,2610.670
-4.947,21.080,3.504,3.540,3.537,3.540,3.543,3.545,2611.692
-4.951,21.070,3.503,3.540,3.536,3.539,3.542,3.545,2612.714
-4.944,21.070,3.503,3.539,3.536,3.539,3.542,3.544,2613.736
-4.945,21.070,3.503,3.539,3.536,3.539,3.542,3.544,2614.759
-4.942,21.070,3.502,3.539,3.535,3.538,3.541,3.544,2615.782
-4.944,21.070,3.502,3.538,3.535,3.538,3.541,3.544,2616.805
-4.948,21.060,3.502,3.538,3.535,3.538,3.540,3.543,2617.827
-4.947,21.070,3.502,3.538,3.534,3.537,3.540,3.543,2618.849
-4.953,21.060,3.501,3.538,3.534,3.537,3.540,3.543,2619.872
-4.953,21.060,3.501,3.537,3.534,3.537,3.540,3.543,2620.895
-4.945,21.060,3.501,3.537,3.534,3.537,3.540,3.542,2621.917
-4.947,21.050,3.500,3.537,3.534,3.536,3.539,3.542,2622.940
-4.947,21.050,3.500,3.537,3.533,3.536,3.539,3.542,2623.963
-4.947,21.050,3.500,3.536,3.533,3.536,3.539,3.541,2624.985
-4.951,21.040,3.500,3.536,3.532,3.535,3.538,3.541,2626.007
-4.954,21.050,3.499,3.536,3.532,3.535,3.538,3.541,2627.030
-4.956,21.050,3.499,3.535,3.532,3.535,3.538,3.540,2628.051
-4.962,21.040,3.498,3.535,3.531,3.535,3.537,3.540,2629.073
-4.962,21.040,3.498,3.535,3.531,3.534,3.537,3.540,2630.095
-4.944,21.050,3.498,3.535,3.531,3.534,3.537,3.540,2631.120
-4.939,21.040,3.498,3.534,3.531,3.533,3.537,3.539,2632.142
-4.944,21.040,3.498,3.534,3.530,3.534,3.536,3.539,2633.165
-4.948,21.040,3.498,3.534,3.530,3.533,3.536,3.539,2634.186
-4.950,21.030,3.497,3.533,3.530,3.533,3.536,3.539,2635.209
-4.945,21.040,3.497,3.533,3.530,3.532,3.535,3.538,2636.231
-4.950,21.040,3.496,3.533,3.529,3.532,3.535,3.538,2637.254
-4.954,21.030,3.496,3.532,3.529,3.532,3.535,3.537,2638.277
-4.942,21.030,3.496,3.532,3.529,3.532,3.534,3.537,2639.300
-4.947,21.030,3.495,3.532,3.529,3.532,3.534,3.537,2640.322
-4.947,21.030,3.495,3.532,3.528,3.531,3.534,3.537,2641.346
-4.944,21.030,3.495,3.531,3.528,3.531,3.534,3.537,2642.368
-4.945,21.020,3.495,3.531,3.527,3.530,3.533,3.536,2643.391
-4.941,21.020,3.494,3.531,3.527,3.530,3.533,3.536,2644.414
-4.953,21.020,3.494,3.530,3.527,3.530,3.533,3.535,2645.436
-4.947,21.020,3.494,3.530,3.527,3.530,3.533,3.536,2646.458
-4.948,21.010,3.494,3.530,3.526,3.530,3.532,3.535,2647.480
-4.945,21.020,3.493,3.530,3.526,3.529,3.532,3.535,2648.503
-4.947,21.020,3.493,3.529,3.526,3.529,3.532,3.535,2649.526
-4.948,21.010,3.493,3.529,3.526,3.528,3.531,3.534,2650.549
-4.944,21.010,3.492,3.529,3.525,3.528,3.532,3.534,2651.574
-4.957,21.010,3.492,3.528,3.525,3.528,3.531,3.534,2652.597
-4.950,21.010,3.491,3.527,3.524,3.528,3.531,3.533,2653.620
-4.942,21.000,3.492,3.528,3.524,3.527,3.530,3.533,2654.643
-4.944,21.000,3.491,3.527,3.524,3.527,3.530,3.533,2655.665
-4.959,21.000,3.491,3.527,3.524,3.527,3.530,3.533,2656.688
-4.948,21.000,3.491,3.527,3.523,3.527,3.530,3.532,2657.711
-4.947,21.000,3.490,3.527,3.523,3.526,3.529,3.532,2658.734
-4.948,21.000,3.490,3.527,3.523,3.526,3.529,3.532,2659.755
-4.947,20.990,3.490,3.526,3.523,3.526,3.529,3.532,2660.778
-4.944,20.990,3.490,3.526,3.522,3.525,3.528,3.531,2661.802
-4.953,20.980,3.489,3.525,3.522,3.525,3.528,3.531,2662.825
-4.948,20.990,3.489,3.525,3.522,3.525,3.528,3.531,2663.848
-4.947,20.990,3.489,3.525,3.522,3.525,3.528,3.530,2664.871
-4.950,20.990,3.488,3.525,3.521,3.524,3.527,3.530,2665.893
-4.953,20.990,3.488,3.524,3.521,3.524,3.527,3.530,2666.916
-4.953,20.980,3.488,3.524,3.521,3.523,3.527,3.530,2667.939
-4.953,20.980,3.488,3.524,3.520,3.524,3.527,3.529,2668.962
-4.956,20.970,3.487,3.524,3.520,3.523,3.526,3.529,2669.985
-4.948,20.990,3.487,3.523,3.520,3.523,3.526,3.528,2671.008
-4.956,20.970,3.487,3.523,3.520,3.523,3.525,3.529,2672.032
-4.951,20.980,3.486,3.523,3.519,3.522,3.525,3.528,2673.055
-4.947,20.970,3.486,3.523,3.519,3.522,3.525,3.528,2674.078
-4.956,20.970,3.486,3.522,3.519,3.522,3.525,3.528,2675.099
-4.957,20.970,3.485,3.522,3.518,3.522,3.525,3.527,2676.122
-4.951,20.970,3.485,3.521,3.518,3.522,3.524,3.527,2677.145
-4.950,20.970,3.485,3.522,3.518,3.521,3.524,3.527,2678.167
-4.948,20.970,3.485,3.521,3.517,3.521,3.524,3.526,2679.190
-4.947,20.970,3.485,3.521,3.517,3.520,3.524,3.526,2680.213
-4.948,20.960,3.484,3.521,3.517,3.520,3.523,3.526,2681.236
-4.951,20.970,3.484,3.520,3.517,3.520,3.523,3.525,2682.260
-4.951,20.960,3.484,3.520,3.517,3.520,3.523,3.525,2683.282
-4.945,20.960,3.483,3.520,3.516,3.519,3.522,3.525,2684.304
-4.945,20.960,3.483,3.519,3.516,3.519,3.522,3.525,2685.327
-4.947,20.950,3.483,3.519,3.516,3.519,3.522,3.524,2686.350
-4.950,20.950,3.483,3.519,3.515,3.518,3.522,3.524,2687.372
-4.947,20.950,3.483,3.519,3.515,3.518,3.521,3.524,2688.394
-4.951,20.950,3.482,3.518,3.515,3.517,3.521,3.524,2689.416
-4.945,20.940,3.481,3.518,3.515,3.517,3.521,3.523,2690.438
-4.945,20.950,3.481,3.518,3.514,3.517,3.520,3.523,2691.461
-4.948,20.940,3.481,3.517,3.514,3.517,3.520,3.523,2692.485
-4.942,20.950,3.481,3.517,3.514,3.517,3.520,3.523,2693.508
-4.947,20.950,3.481,3.517,3.514,3.517,3.520,3.522,2694.530
-4.942,20.950,3.480,3.517,3.513,3.516,3.520,3.522,2695.552
-4.945,20.950,3.480,3.516,3.513,3.516,3.519,3.522,2696.574
-4.950,20.930,3.480,3.516,3.512,3.516,3.519,3.521,2697.597
-4.950,20.930,3.479,3.516,3.512,3.515,3.518,3.521,2698.619
-4.959,20.930,3.479,3.516,3.512,3.515,3.518,3.521,2699.642
-4.950,20.930,3.479,3.515,3.512,3.515,3.518,3.521,2700.663
-4.947,20.920,3.478,3.515,3.511,3.515,3.518,3.521,2701.685
-4.945,20.920,3.479,3.515,3.511,3.514,3.518,3.520,2702.709
-4.945,20.930,3.478,3.514,3.511,3.514,3.517,3.520,2703.731
-4.948,20.930,3.478,3.514,3.511,3.514,3.517,3.520,2704.754
-4.951,20.920,3.478,3.514,3.510,3.514,3.517,3.520,2705.777
-4.948,20.910,3.477,3.514,3.510,3.513,3.517,3.519,2706.799
-4.945,20.920,3.477,3.513,3.510,3.513,3.516,3.519,2707.822
-4.947,20.910,3.477,3.513,3.510,3.512,3.516,3.519,2708.845
-4.944,20.910,3.477,3.513,3.509,3.513,3.515,3.519,2709.868
-4.944,20.910,3.476,3.513,3.509,3.512,3.515,3.518,2710.891
-4.948,20.920,3.476,3.512,3.509,3.512,3.515,3.518,2711.912
-4.950,20.910,3.476,3.512,3.509,3.512,3.515,3.518,2712.937
-4.948,20.910,3.476,3.512,3.508,3.512,3.514,3.517,2713.959
-4.945,20.910,3.476,3.512,3.508,3.511,3.514,3.517,2714.982
-4.944,20.910,3.475,3.511,3.508,3.511,3.513,3.517,2716.005
-4.944,20.900,3.475,3.511,3.508,3.511,3.514,3.516,2717.027
-4.945,20.900,3.475,3.511,3.507,3.510,3.513,3.516,2718.049
-4.951,20.900,3.474,3.510,3.507,3.510,3.513,3.516,2719.072
-4.948,20.900,3.474,3.510,3.507,3.510,3.513,3.515,2720.095
-4.945,20.900,3.473,3.510,3.506,3.510,3.513,3.515,2721.117
-4.954,20.910,3.473,3.510,3.506,3.509,3.512,3.515,2722.140
-4.954,20.890,3.473,3.510,3.506,3.509,3.512,3.515,2723.164
-4.948,20.890,3.473,3.509,3.505,3.509,3.512,3.515,2724.186
-4.954,20.890,3.473,3.509,3.505,3.508,3.511,3.514,2725.209
-4.947,20.890,3.472,3.508,3.505,3.508,3.511,3.514,2726.232
-4.950,20.880,3.472,3.508,3.505,3.508,3.511,3.514,2727.254
-4.953,20.890,3.472,3.508,3.504,3.508,3.511,3.514,2728.277
-4.944,20.880,3.472,3.508,3.504,3.507,3.510,3.513,2729.300
-4.948,20.880,3.471,3.508,3.504,3.507,3.510,3.513,2730.322
-4.947,20.880,3.471,3.507,3.504,3.507,3.510,3.513,2731.345
-4.959,20.880,3.471,3.507,3.504,3.507,3.510,3.513,2732.368
-4.950,20.880,3.471,3.507,3.503,3.506,3.509,3.512,2733.391
-4.950,20.880,3.470,3.506,3.503,3.506,3.509,3.512,2734.413
-4.945,20.880,3.470,3.506,3.503,3.506,3.509,3.512,2735.436
-4.951,20.870,3.470,3.506,3.503,3.505,3.509,3.511,2736.459
-4.948,20.870,3.470,3.506,3.502,3.505,3.509,3.511,2737.481
-4.942,20.870,3.469,3.506,3.502,3.505,3.508,3.511,2738.503
-4.948,20.870,3.469,3.505,3.502,3.505,3.508,3.510,2739.526
-4.944,20.870,3.469,3.505,3.501,3.505,3.508,3.510,2740.549
-4.947,20.870,3.469,3.505,3.501,3.504,3.507,3.510,2741.572
-4.956,20.860,3.468,3.505,3.501,3.504,3.507,3.510,2742.593
-4.950,20.860,3.468,3.504,3.501,3.503,3.507,3.510,2743.618
-4.942,20.870,3.468,3.504,3.500,3.504,3.507,3.509,2744.640
-4.957,20.860,3.467,3.503,3.500,3.503,3.506,3.509,2745.662
-4.969,20.850,3.467,3.503,3.500,3.503,3.506,3.508,2746.684
-4.950,20.870,3.467,3.503,3.499,3.503,3.505,3.508,2747.707
-4.948,20.850,3.466,3.503,3.499,3.502,3.505,3.508,2748.728
-4.945,20.850,3.466,3.502,3.499,3.502,3.505,3.508,2749.750
-4.947,20.860,3.466,3.502,3.499,3.502,3.505,3.508,2750.773
-4.941,20.850,3.466,3.502,3.499,3.502,3.504,3.508,2751.795
-4.951,20.860,3.465,3.502,3.498,3.501,3.504,3.507,2752.817
-4.948,20.850,3.465,3.502,3.498,3.501,3.504,3.507,2753.842
-4.950,20.840,3.465,3.501,3.498,3.501,3.504,3.507,2754.864
-4.941,20.850,3.465,3.501,3.497,3.501,3.503,3.506,2755.887
-4.951,20.850,3.465,3.500,3.497,3.500,3.503,3.506,2756.909
-4.950,20.840,3.464,3.500,3.497,3.500,3.503,3.506,2757.932
-4.947,20.840,3.464,3.500,3.497,3.500,3.503,3.506,2758.955
-4.947,20.840,3.464,3.500,3.497,3.500,3.503,3.505,2759.978
-4.948,20.840,3.463,3.500,3.495,3.499,3.502,3.505,2761.001
-4.944,20.840,3.463,3.500,3.496,3.499,3.502,3.505,2762.023
-4.948,20.840,3.463,3.499,3.496,3.499,3.502,3.505,2763.046
-4.942,20.830,3.463,3.499,3.495,3.499,3.502,3.504,2764.071
-4.948,20.830,3.462,3.499,3.495,3.498,3.501,3.504,2765.093
-4.950,20.830,3.462,3.498,3.495,3.498,3.501,3.504,2766.115
-4.948,20.830,3.462,3.498,3.495,3.498,3.501,3.503,2767.138
-4.948,20.830,3.462,3.498,3.494,3.497,3.501,3.503,2768.161
-4.962,20.830,3.461,3.498,3.494,3.497,3.500,3.503,2769.183
-4.956,20.820,3.461,3.497,3.494,3.497,3.500,3.503,2770.206
-4.941,20.820,3.461,3.497,3.493,3.497,3.500,3.503,2771.228
-4.944,20.820,3.461,3.496,3.493,3.496,3.500,3.502,2772.250
-4.947,20.840,3.460,3.497,3.493,3.496,3.499,3.502,2773.273
-4.947,20.820,3.460,3.496,3.493,3.496,3.499,3.502,2774.298
-4.951,20.810,3.460,3.496,3.493,3.496,3.499,3.502,2775.320
-4.956,20.810,3.460,3.496,3.492,3.495,3.498,3.501,2776.343
-4.945,20.810,3.459,3.495,3.492,3.495,3.498,3.501,2777.365
-4.947,20.820,3.459,3.495,3.492,3.495,3.498,3.501,2778.387
-4.950,20.810,3.459,3.495,3.491,3.495,3.498,3.501,2779.409
-4.945,20.810,3.458,3.495,3.490,3.494,3.498,3.500,2780.431
-4.945,20.820,3.458,3.495,3.491,3.494,3.497,3.500,2781.454
-4.953,20.810,3.458,3.494,3.491,3.494,3.497,3.500,2782.476
-4.948,20.800,3.458,3.494,3.490,3.493,3.497,3.499,2783.498
-4.951,20.800,3.458,3.494,3.490,3.493,3.496,3.499,2784.523
-4.948,20.800,3.457,3.493,3.490,3.493,3.496,3.499,2785.545
-4.944,20.790,3.457,3.493,3.490,3.493,3.496,3.499,2786.567
-4.953,20.790,3.457,3.493,3.489,3.493,3.496,3.498,2787.589
-4.950,20.790,3.456,3.493,3.489,3.492,3.495,3.498,2788.612
-4.945,20.800,3.456,3.493,3.489,3.492,3.495,3.498,2789.635
-4.947,20.790,3.456,3.492,3.489,3.492,3.495,3.498,2790.658
-4.947,20.790,3.456,3.492,3.488,3.491,3.495,3.497,2791.680
-4.959,20.790,3.455,3.492,3.488,3.491,3.493,3.497,2792.703
-4.953,20.790,3.455,3.491,3.487,3.491,3.494,3.497,2793.726
-4.944,20.780,3.455,3.491,3.487,3.491,3.494,3.497,2794.751
-4.950,20.780,3.454,3.490,3.487,3.490,3.494,3.496,2795.773
-4.948,20.780,3.454,3.491,3.487,3.490,3.493,3.496,2796.794
-4.950,20.780,3.454,3.490,3.486,3.490,3.493,3.496,2797.816
-4.948,20.780,3.454,3.490,3.487,3.490,3.493,3.496,2798.839
-4.950,20.770,3.454,3.490,3.487,3.490,3.493,3.495,2799.861
-4.945,20.780,3.454,3.490,3.486,3.489,3.493,3.495,2800.884
-4.945,20.770,3.453,3.489,3.486,3.489,3.492,3.495,2801.907
-4.942,20.770,3.453,3.489,3.486,3.489,3.492,3.494,2802.929
-4.947,20.770,3.453,3.489,3.485,3.488,3.491,3.494,2803.951
-4.953,20.760,3.452,3.489,3.485,3.488,3.491,3.494,2804.976
-4.950,20.760,3.452,3.488,3.485,3.488,3.491,3.494,2805.999
-4.944,20.760,3.452,3.488,3.484,3.487,3.491,3.494,2807.022
-4.948,20.760,3.452,3.488,3.484,3.487,3.490,3.493,2808.045
-4.947,20.760,3.451,3.488,3.484,3.487,3.490,3.493,2809.067
-4.951,20.760,3.451,3.487,3.484,3.487,3.490,3.493,2810.089
-4.950,20.750,3.451,3.487,3.483,3.487,3.490,3.492,2811.112
-4.948,20.750,3.450,3.487,3.483,3.486,3.490,3.492,2812.133
-4.947,20.750,3.451,3.487,3.483,3.486,3.489,3.492,2813.155
-4.948,20.750,3.450,3.486,3.483,3.486,3.489,3.491,2814.177
-4.945,20.750,3.450,3.486,3.483,3.486,3.489,3.491,2815.202
-4.960,20.740,3.450,3.486,3.482,3.485,3.489,3.491,2816.224
-4.959,20.750,3.449,3.485,3.482,3.485,3.488,3.491,2817.247
-4.948,20.750,3.449,3.485,3.481,3.485,3.488,3.491,2818.269
-4.948,20.750,3.448,3.485,3.481,3.485,3.488,3.490,2819.291
-4.947,20.740,3.449,3.484,3.481,3.484,3.487,3.490,2820.314
-4.950,20.740,3.448,3.484,3.481,3.484,3.487,3.490,2821.336
-4.948,20.740,3.448,3.484,3.481,3.484,3.487,3.490,2822.358
-4.962,20.740,3.448,3.484,3.480,3.483,3.486,3.489,2823.381
-4.956,20.730,3.448,3.484,3.480,3.483,3.487,3.489,2824.404
-4.947,20.740,3.447,3.483,3.480,3.483,3.486,3.489,2825.428
-4.950,20.730,3.447,3.483,3.480,3.483,3.486,3.489,2826.450
-4.950,20.730,3.447,3.483,3.479,3.482,3.486,3.488,2827.472
-4.945,20.740,3.447,3.483,3.479,3.482,3.486,3.488,2828.495
-4.942,20.730,3.446,3.482,3.479,3.482,3.485,3.488,2829.517
-4.947,20.730,3.446,3.482,3.478,3.482,3.485,3.488,2830.539
-4.950,20.730,3.446,3.482,3.478,3.482,3.484,3.487,2831.561
-4.950,20.730,3.445,3.482,3.478,3.481,3.484,3.487,2832.584
-4.947,20.730,3.445,3.482,3.478,3.481,3.484,3.487,2833.607
-4.950,20.720,3.445,3.481,3.477,3.481,3.484,3.487,2834.630
-4.947,20.720,3.445,3.481,3.477,3.481,3.484,3.486,2835.654
-4.951,20.720,3.444,3.481,3.477,3.480,3.483,3.486,2836.677
-4.948,20.730,3.444,3.480,3.477,3.480,3.483,3.486,2837.698
-4.951,20.720,3.444,3.480,3.476,3.480,3.483,3.486,2838.721
-4.963,20.710,3.444,3.480,3.476,3.479,3.483,3.486,2839.744
-4.956,20.720,3.443,3.480,3.476,3.479,3.482,3.485,2840.766
-4.947,20.720,3.443,3.479,3.476,3.479,3.483,3.485,2841.789
-4.947,20.710,3.443,3.479,3.476,3.479,3.482,3.484,2842.812
-4.945,20.710,3.443,3.479,3.475,3.478,3.481,3.484,2843.835
-4.950,20.710,3.442,3.478,3.475,3.478,3.481,3.484,2844.857
-4.947,20.710,3.442,3.478,3.475,3.478,3.481,3.484,2845.882
-4.944,20.710,3.442,3.478,3.474,3.478,3.481,3.483,2846.903
-4.948,20.710,3.442,3.478,3.474,3.477,3.481,3.483,2847.926
-4.954,20.700,3.442,3.478,3.474,3.477,3.480,3.483,2848.949
-4.945,20.700,3.441,3.478,3.474,3.477,3.480,3.483,2849.972
-4.944,20.700,3.441,3.477,3.474,3.477,3.480,3.482,2850.994
-4.948,20.700,3.441,3.477,3.473,3.476,3.480,3.482,2852.016
-4.948,20.710,3.440,3.477,3.473,3.476,3.479,3.482,2853.038
-4.947,20.700,3.440,3.476,3.473,3.476,3.479,3.482,2854.060
-4.948,20.690,3.440,3.476,3.472,3.476,3.478,3.482,2855.083
-4.948,20.690,3.439,3.476,3.472,3.475,3.479,3.481,2856.107
-4.944,20.690,3.440,3.475,3.472,3.475,3.478,3.481,2857.130
-4.948,20.690,3.439,3.475,3.472,3.475,3.478,3.481,2858.151
-4.947,20.690,3.439,3.475,3.471,3.475,3.478,3.480,2859.174
-4.947,20.690,3.439,3.475,3.471,3.474,3.478,3.480,2860.197
-4.945,20.690,3.439,3.475,3.471,3.474,3.477,3.480,2861.219
-4.945,20.680,3.438,3.474,3.471,3.474,3.477,3.479,2862.241
-4.956,20.680,3.438,3.474,3.471,3.474,3.477,3.480,2863.264
-4.957,20.690,3.437,3.474,3.470,3.473,3.476,3.479,2864.285
-4.941,20.670,3.437,3.473,3.470,3.473,3.476,3.479,2865.308
-4.944,20.690,3.437,3.473,3.470,3.473,3.476,3.479,2866.333
-4.948,20.680,3.437,3.473,3.469,3.473,3.476,3.479,2867.355
-4.948,20.680,3.437,3.473,3.469,3.472,3.476,3.478,2868.378
-4.945,20.680,3.436,3.472,3.469,3.472,3.475,3.478,2869.400
-4.945,20.680,3.436,3.472,3.469,3.472,3.475,3.477,2870.423
-4.947,20.670,3.436,3.472,3.468,3.471,3.475,3.478,2871.446
-4.947,20.670,3.436,3.472,3.468,3.471,3.474,3.478,2872.469
-4.945,20.670,3.435,3.471,3.468,3.471,3.474,3.477,2873.492
 -4.948,20.660,3.435,3.471,3.468,3.471,3.474,3.477,2874.514
-4.951,20.660,3.435,3.471,3.467,3.471,3.474,3.477,2875.537
 -4.951,20.670,3.435,3.471,3.467,3.470,3.473,3.476,2876.562
-4.944,20.670,3.434,3.471,3.467,3.470,3.473,3.476,2877.584
-4.942,20.670,3.434,3.470,3.467,3.470,3.473,3.476,2878.606
-4.947,20.650,3.434,3.470,3.466,3.470,3.473,3.476,2879.628
-4.944,20.660,3.434,3.470,3.466,3.469,3.473,3.475,2880.651
-4.945,20.660,3.433,3.469,3.466,3.469,3.472,3.475,2881.674
-4.950,20.660,3.433,3.469,3.466,3.469,3.472,3.475,2882.697
-4.945,20.650,3.433,3.469,3.466,3.469,3.472,3.474,2883.720
-4.945,20.650,3.432,3.469,3.465,3.468,3.471,3.474,2884.741
-4.944,20.650,3.432,3.468,3.465,3.468,3.471,3.474,2885.764
-4.959,20.650,3.432,3.468,3.465,3.468,3.471,3.474,2886.788
-4.957,20.650,3.432,3.468,3.464,3.468,3.471,3.473,2887.810
-4.954,20.640,3.431,3.467,3.464,3.467,3.470,3.473,2888.832
-4.953,20.650,3.431,3.468,3.464,3.467,3.470,3.473,2889.855
-4.945,20.650,3.431,3.467,3.464,3.467,3.470,3.473,2890.877
-4.945,20.640,3.430,3.467,3.463,3.466,3.470,3.472,2891.899
-4.945,20.640,3.430,3.467,3.463,3.466,3.469,3.472,2892.921
-4.941,20.640,3.430,3.467,3.463,3.466,3.469,3.472,2893.943
-4.950,20.630,3.430,3.466,3.463,3.466,3.469,3.472,2894.966
-4.951,20.630,3.430,3.466,3.462,3.466,3.469,3.472,2895.988
-4.951,20.630,3.429,3.466,3.463,3.465,3.469,3.471,2897.012
-4.956,20.630,3.429,3.466,3.462,3.465,3.468,3.471,2898.033
-4.953,20.650,3.429,3.465,3.461,3.465,3.468,3.471,2899.056
-4.948,20.620,3.428,3.465,3.461,3.464,3.468,3.471,2900.079
-4.945,20.630,3.428,3.465,3.461,3.464,3.467,3.470,2901.102
-4.944,20.630,3.428,3.464,3.461,3.464,3.467,3.470,2902.123
-4.948,20.620,3.428,3.464,3.461,3.464,3.467,3.470,2903.145
-4.945,20.620,3.428,3.464,3.460,3.464,3.467,3.469,2904.167
-4.951,20.620,3.428,3.464,3.460,3.463,3.466,3.470,2905.189
-4.945,20.620,3.427,3.463,3.460,3.463,3.466,3.469,2906.211
-4.948,20.620,3.427,3.463,3.460,3.463,3.466,3.469,2907.236
-4.950,20.610,3.427,3.463,3.459,3.463,3.465,3.469,2908.258
-4.947,20.620,3.427,3.463,3.459,3.463,3.465,3.469,2909.280
-4.960,20.610,3.426,3.462,3.459,3.462,3.465,3.468,2910.302
-4.960,20.610,3.426,3.462,3.458,3.462,3.465,3.468,2911.325
-4.948,20.610,3.426,3.461,3.459,3.461,3.464,3.467,2912.348
-4.945,20.610,3.426,3.461,3.458,3.461,3.464,3.467,2913.370
-4.947,20.610,3.425,3.461,3.458,3.461,3.464,3.467,2914.392
-4.945,20.600,3.425,3.461,3.458,3.461,3.464,3.466,2915.415
-4.945,20.600,3.424,3.461,3.458,3.461,3.464,3.466,2916.438
-4.950,20.600,3.424,3.461,3.457,3.460,3.463,3.466,2917.462
-4.945,20.600,3.424,3.460,3.457,3.460,3.463,3.466,2918.484
-4.944,20.600,3.424,3.460,3.457,3.460,3.463,3.466,2919.506
-4.947,20.600,3.424,3.460,3.456,3.459,3.463,3.466,2920.529
-4.944,20.600,3.424,3.460,3.456,3.459,3.462,3.465,2921.552
-4.947,20.590,3.423,3.459,3.456,3.459,3.462,3.465,2922.575
-4.948,20.600,3.423,3.459,3.456,3.458,3.462,3.465,2923.596
-4.954,20.590,3.423,3.459,3.456,3.458,3.462,3.465,2924.619
-4.942,20.590,3.423,3.459,3.455,3.458,3.461,3.464,2925.641
-4.945,20.590,3.422,3.458,3.455,3.458,3.461,3.464,2926.663
-4.954,20.590,3.422,3.458,3.455,3.458,3.461,3.464,2927.688
-4.947,20.580,3.422,3.458,3.454,3.458,3.461,3.464,2928.710
-4.947,20.590,3.422,3.457,3.454,3.457,3.460,3.463,2929.733
-4.948,20.590,3.421,3.457,3.454,3.457,3.460,3.463,2930.755
-4.945,20.590,3.421,3.457,3.454,3.457,3.460,3.463,2931.777
-4.947,20.580,3.421,3.457,3.453,3.456,3.460,3.463,2932.800
-4.960,20.580,3.420,3.457,3.453,3.456,3.459,3.462,2933.823
-4.959,20.580,3.420,3.456,3.453,3.456,3.459,3.462,2934.846
-4.947,20.580,3.420,3.456,3.453,3.455,3.459,3.461,2935.869
-4.947,20.580,3.420,3.456,3.452,3.455,3.458,3.461,2936.891
-4.963,20.570,3.420,3.456,3.452,3.455,3.458,3.461,2937.916
-4.947,20.570,3.419,3.455,3.452,3.455,3.458,3.461,2938.938
-4.947,20.570,3.419,3.455,3.452,3.455,3.458,3.461,2939.960
-4.947,20.570,3.419,3.455,3.451,3.454,3.457,3.459,2940.982
-4.948,20.570,3.419,3.454,3.451,3.454,3.457,3.460,2942.004
-4.948,20.560,3.418,3.454,3.451,3.454,3.457,3.460,2943.027
-4.948,20.560,3.418,3.454,3.451,3.454,3.457,3.459,2944.050
-4.950,20.560,3.418,3.454,3.450,3.454,3.457,3.459,2945.073
-4.948,20.560,3.417,3.453,3.450,3.453,3.456,3.459,2946.095
-4.948,20.550,3.417,3.453,3.450,3.453,3.456,3.459,2947.118
-4.957,20.560,3.417,3.453,3.450,3.453,3.456,3.459,2948.143
-4.948,20.550,3.417,3.453,3.449,3.452,3.455,3.459,2949.164
-4.944,20.550,3.416,3.452,3.449,3.452,3.455,3.458,2950.187
-4.947,20.560,3.416,3.452,3.449,3.452,3.455,3.458,2951.209
-4.942,20.550,3.416,3.452,3.449,3.451,3.455,3.458,2952.231
-4.948,20.550,3.416,3.452,3.449,3.451,3.455,3.457,2953.254
-4.948,20.550,3.415,3.451,3.448,3.451,3.454,3.457,2954.276
-4.951,20.550,3.415,3.451,3.448,3.451,3.454,3.456,2955.298
-4.948,20.540,3.415,3.451,3.448,3.451,3.454,3.457,2956.320
-4.953,20.540,3.415,3.451,3.447,3.451,3.454,3.456,2957.342
-4.951,20.540,3.414,3.451,3.447,3.450,3.453,3.456,2958.368
-4.956,20.540,3.414,3.450,3.446,3.450,3.453,3.456,2959.391
-4.951,20.550,3.414,3.450,3.446,3.450,3.453,3.456,2960.414
-4.945,20.530,3.414,3.450,3.446,3.449,3.452,3.456,2961.435
-4.951,20.540,3.413,3.450,3.446,3.449,3.452,3.455,2962.458
-4.950,20.540,3.413,3.449,3.446,3.449,3.452,3.455,2963.479
-4.947,20.530,3.413,3.449,3.446,3.449,3.452,3.455,2964.502
-4.947,20.530,3.413,3.449,3.445,3.448,3.452,3.454,2965.524
-4.951,20.530,3.413,3.448,3.445,3.448,3.451,3.454,2966.546
-4.945,20.530,3.412,3.449,3.445,3.448,3.451,3.454,2967.569
-4.947,20.530,3.412,3.448,3.445,3.448,3.451,3.454,2968.594
-4.945,20.530,3.412,3.448,3.444,3.447,3.450,3.453,2969.617
-4.948,20.520,3.412,3.448,3.444,3.447,3.450,3.453,2970.640
-4.950,20.530,3.411,3.447,3.444,3.447,3.450,3.453,2971.663
-4.951,20.520,3.411,3.447,3.444,3.446,3.450,3.453,2972.685
-4.948,20.520,3.411,3.447,3.443,3.446,3.449,3.453,2973.707
-4.948,20.520,3.410,3.446,3.443,3.446,3.449,3.452,2974.730
-4.936,20.520,3.410,3.446,3.443,3.446,3.449,3.452,2975.752
-4.945,20.510,3.410,3.446,3.442,3.446,3.449,3.452,2976.774
-4.948,20.510,3.409,3.446,3.443,3.445,3.448,3.451,2977.797
-4.948,20.510,3.409,3.446,3.442,3.445,3.448,3.451,2978.822
-4.948,20.510,3.409,3.445,3.442,3.445,3.448,3.451,2979.844
-4.953,20.530,3.409,3.445,3.442,3.444,3.447,3.450,2980.867
-4.963,20.510,3.409,3.445,3.441,3.444,3.447,3.450,2981.890
-4.951,20.510,3.408,3.444,3.441,3.444,3.447,3.450,2982.912
-4.951,20.510,3.408,3.444,3.441,3.444,3.447,3.450,2983.934
-4.947,20.500,3.408,3.444,3.440,3.443,3.447,3.450,2984.956
-4.944,20.510,3.408,3.444,3.440,3.442,3.446,3.449,2985.979
-4.948,20.500,3.407,3.443,3.440,3.443,3.446,3.449,2987.002
-4.947,20.500,3.407,3.443,3.440,3.442,3.446,3.449,2988.025
-4.947,20.510,3.407,3.443,3.439,3.442,3.446,3.449,2989.050
-4.950,20.490,3.407,3.443,3.440,3.442,3.445,3.449,2990.071
-4.945,20.500,3.407,3.443,3.439,3.442,3.445,3.448,2991.093
-4.945,20.500,3.406,3.442,3.439,3.442,3.445,3.448,2992.116
-4.947,20.490,3.406,3.442,3.439,3.442,3.444,3.448,2993.138
-4.948,20.490,3.405,3.442,3.438,3.441,3.444,3.447,2994.160
-4.944,20.490,3.405,3.441,3.438,3.441,3.444,3.447,2995.182
-4.950,20.490,3.405,3.441,3.438,3.441,3.444,3.447,2996.205
-4.945,20.490,3.405,3.441,3.437,3.440,3.443,3.447,2997.228
-4.953,20.490,3.405,3.441,3.437,3.440,3.443,3.446,2998.251
-4.947,20.480,3.404,3.440,3.437,3.440,3.443,3.446,2999.276
-4.945,20.480,3.404,3.440,3.437,3.439,3.443,3.446,3000.298
-4.948,20.470,3.404,3.440,3.436,3.439,3.442,3.446,3001.321
-4.960,20.470,3.404,3.439,3.436,3.439,3.442,3.445,3002.344
-4.942,20.470,3.403,3.439,3.436,3.439,3.442,3.445,3003.367
-4.957,20.460,3.403,3.439,3.436,3.439,3.442,3.445,3004.389
-4.956,20.470,3.402,3.439,3.435,3.438,3.441,3.444,3005.412
-4.947,20.480,3.402,3.438,3.435,3.438,3.441,3.444,3006.435
-4.944,20.460,3.402,3.438,3.435,3.438,3.441,3.444,3007.457
-4.950,20.470,3.402,3.438,3.435,3.438,3.441,3.444,3008.479
-4.944,20.470,3.402,3.438,3.434,3.437,3.441,3.444,3009.504
-4.947,20.460,3.401,3.437,3.434,3.437,3.440,3.443,3010.526
-4.947,20.460,3.401,3.437,3.434,3.437,3.440,3.443,3011.549
-4.942,20.460,3.401,3.437,3.434,3.437,3.439,3.443,3012.572
-4.948,20.460,3.401,3.437,3.433,3.436,3.439,3.442,3013.593
-4.944,20.460,3.400,3.436,3.433,3.436,3.439,3.442,3014.615
-4.947,20.460,3.400,3.436,3.433,3.436,3.439,3.442,3015.637
-4.941,20.470,3.400,3.436,3.432,3.435,3.439,3.441,3016.660
-4.947,20.460,3.400,3.436,3.432,3.435,3.438,3.441,3017.682
-4.945,20.450,3.399,3.435,3.432,3.435,3.438,3.441,3018.704
-4.945,20.450,3.399,3.435,3.432,3.435,3.438,3.441,3019.729
-4.947,20.440,3.399,3.435,3.431,3.434,3.438,3.441,3020.751
-4.950,20.460,3.399,3.435,3.431,3.434,3.438,3.440,3021.774
-4.947,20.440,3.398,3.434,3.431,3.434,3.437,3.440,3022.797
-4.942,20.450,3.398,3.434,3.431,3.434,3.437,3.440,3023.820
-4.947,20.440,3.398,3.434,3.431,3.434,3.437,3.440,3024.843
-4.944,20.440,3.397,3.434,3.430,3.433,3.436,3.439,3025.865
-4.944,20.440,3.397,3.434,3.430,3.432,3.436,3.439,3026.888
-4.953,20.440,3.397,3.433,3.430,3.433,3.435,3.439,3027.911
-4.957,20.440,3.397,3.433,3.429,3.432,3.435,3.439,3028.934
-4.948,20.440,3.396,3.432,3.429,3.432,3.435,3.438,3029.959
-4.947,20.430,3.396,3.432,3.429,3.432,3.435,3.438,3030.981
-4.947,20.430,3.396,3.432,3.429,3.432,3.435,3.438,3032.004
-4.945,20.440,3.396,3.432,3.429,3.431,3.435,3.437,3033.027
-4.951,20.430,3.395,3.431,3.428,3.431,3.434,3.437,3034.050
-4.945,20.430,3.395,3.431,3.428,3.431,3.434,3.437,3035.072
-4.948,20.430,3.395,3.431,3.428,3.431,3.434,3.437,3036.095
-4.947,20.430,3.395,3.431,3.427,3.430,3.433,3.437,3037.118
-4.947,20.420,3.394,3.431,3.427,3.430,3.433,3.436,3038.140
-4.945,20.420,3.394,3.430,3.427,3.430,3.433,3.436,3039.162
-4.942,20.430,3.394,3.430,3.427,3.429,3.433,3.436,3040.186
-4.944,20.410,3.394,3.430,3.427,3.429,3.432,3.436,3041.209
-4.950,20.420,3.393,3.429,3.426,3.429,3.432,3.435,3042.230
-4.948,20.420,3.393,3.429,3.426,3.429,3.432,3.435,3043.253
-4.945,20.410,3.393,3.429,3.426,3.429,3.432,3.434,3044.275
-4.945,20.410,3.392,3.429,3.425,3.428,3.431,3.434,3045.297
-4.944,20.410,3.392,3.429,3.425,3.428,3.431,3.434,3046.320
-4.950,20.410,3.392,3.428,3.425,3.427,3.431,3.434,3047.341
-4.948,20.400,3.392,3.428,3.425,3.427,3.431,3.434,3048.364
-4.947,20.400,3.392,3.427,3.424,3.427,3.430,3.433,3049.387
-4.951,20.400,3.391,3.428,3.424,3.427,3.430,3.433,3050.412
-4.960,20.410,3.391,3.427,3.424,3.427,3.429,3.433,3051.433
-4.965,20.410,3.391,3.427,3.424,3.426,3.429,3.433,3052.456
-4.953,20.400,3.390,3.426,3.423,3.426,3.429,3.432,3053.478
-4.945,20.400,3.390,3.426,3.423,3.426,3.429,3.432,3054.501
-4.948,20.400,3.390,3.426,3.423,3.426,3.429,3.432,3055.523
-4.942,20.400,3.390,3.426,3.422,3.425,3.429,3.431,3056.544
-4.942,20.410,3.390,3.425,3.422,3.425,3.428,3.431,3057.567
-4.945,20.390,3.389,3.425,3.422,3.425,3.428,3.431,3058.590
-4.947,20.390,3.389,3.425,3.422,3.425,3.428,3.431,3059.612
-4.948,20.380,3.389,3.424,3.422,3.424,3.427,3.430,3060.637
-4.948,20.400,3.389,3.424,3.422,3.424,3.427,3.430,3061.660
-4.947,20.380,3.388,3.424,3.421,3.424,3.427,3.430,3062.681
-4.944,20.380,3.388,3.424,3.421,3.424,3.427,3.430,3063.704
-4.945,20.390,3.387,3.424,3.420,3.423,3.426,3.429,3064.726
-4.944,20.380,3.387,3.424,3.420,3.423,3.426,3.429,3065.749
-4.945,20.380,3.387,3.423,3.420,3.423,3.426,3.429,3066.771
-4.947,20.380,3.387,3.423,3.419,3.423,3.426,3.429,3067.793
-4.948,20.370,3.387,3.423,3.419,3.422,3.425,3.428,3068.815
-4.948,20.380,3.386,3.422,3.419,3.422,3.425,3.428,3069.838
-4.950,20.380,3.386,3.422,3.419,3.422,3.425,3.428,3070.863
-4.947,20.380,3.386,3.422,3.419,3.421,3.424,3.427,3071.885
-4.948,20.370,3.385,3.422,3.418,3.421,3.424,3.427,3072.908
-4.942,20.370,3.385,3.421,3.418,3.421,3.424,3.427,3073.931
-4.954,20.360,3.385,3.421,3.418,3.420,3.424,3.427,3074.953
-4.954,20.360,3.385,3.420,3.417,3.420,3.423,3.427,3075.975
-4.945,20.360,3.384,3.420,3.417,3.420,3.423,3.426,3076.998
-4.947,20.380,3.384,3.420,3.417,3.420,3.423,3.425,3078.021
-4.948,20.360,3.384,3.420,3.417,3.419,3.423,3.426,3079.043
-4.947,20.360,3.384,3.420,3.416,3.419,3.422,3.425,3080.066
-4.950,20.360,3.383,3.419,3.416,3.419,3.422,3.425,3081.091
-4.950,20.350,3.383,3.419,3.416,3.419,3.422,3.424,3082.113
-4.947,20.360,3.382,3.419,3.415,3.418,3.422,3.424,3083.136
-4.945,20.350,3.383,3.419,3.415,3.418,3.421,3.424,3084.159
-4.950,20.350,3.382,3.418,3.415,3.418,3.421,3.424,3085.181
-4.951,20.350,3.382,3.418,3.415,3.418,3.420,3.424,3086.204
-4.939,20.350,3.382,3.418,3.414,3.417,3.420,3.424,3087.227
-4.947,20.340,3.381,3.417,3.414,3.417,3.420,3.423,3088.250
-4.950,20.340,3.381,3.417,3.414,3.417,3.420,3.423,3089.272
-4.950,20.340,3.381,3.417,3.414,3.417,3.420,3.423,3090.295
-4.948,20.340,3.380,3.417,3.413,3.417,3.419,3.422,3091.320
-4.950,20.340,3.380,3.416,3.413,3.416,3.419,3.422,3092.342
-4.950,20.340,3.380,3.416,3.413,3.416,3.419,3.422,3093.365
-4.944,20.340,3.380,3.416,3.413,3.415,3.419,3.422,3094.388
-4.945,20.340,3.379,3.416,3.412,3.415,3.418,3.421,3095.411
-4.945,20.340,3.379,3.415,3.412,3.415,3.418,3.421,3096.433
-4.951,20.330,3.379,3.415,3.412,3.414,3.418,3.421,3097.455
-4.957,20.330,3.379,3.415,3.411,3.414,3.417,3.420,3098.478
-4.962,20.330,3.378,3.414,3.411,3.414,3.417,3.420,3099.499
-4.951,20.330,3.378,3.414,3.411,3.414,3.417,3.419,3100.522
-4.947,20.330,3.378,3.414,3.411,3.413,3.417,3.420,3101.547
-4.953,20.320,3.377,3.414,3.410,3.413,3.416,3.419,3102.569
-4.945,20.320,3.377,3.413,3.410,3.413,3.416,3.419,3103.592
-4.947,20.310,3.377,3.413,3.410,3.413,3.416,3.419,3104.615
-4.953,20.320,3.377,3.413,3.410,3.412,3.415,3.419,3105.636
-4.944,20.310,3.377,3.413,3.409,3.412,3.415,3.418,3106.658
-4.948,20.310,3.376,3.412,3.409,3.412,3.415,3.417,3107.679
-4.947,20.330,3.376,3.412,3.408,3.412,3.415,3.418,3108.702
-4.948,20.310,3.376,3.412,3.408,3.411,3.414,3.417,3109.724
-4.948,20.310,3.375,3.411,3.408,3.411,3.413,3.417,3110.746
-4.944,20.310,3.375,3.411,3.408,3.411,3.414,3.417,3111.771
-4.945,20.300,3.375,3.411,3.408,3.410,3.413,3.417,3112.793
-4.945,20.300,3.375,3.411,3.407,3.410,3.413,3.416,3113.816
-4.950,20.300,3.374,3.410,3.407,3.410,3.413,3.416,3114.838
-4.945,20.300,3.374,3.410,3.407,3.410,3.413,3.416,3115.861
-4.947,20.300,3.374,3.410,3.407,3.410,3.412,3.415,3116.884
-4.945,20.300,3.373,3.409,3.406,3.409,3.412,3.415,3117.906
-4.948,20.290,3.373,3.409,3.406,3.409,3.412,3.415,3118.928
-4.947,20.290,3.373,3.409,3.405,3.409,3.412,3.414,3119.950
-4.954,20.290,3.373,3.409,3.405,3.408,3.411,3.414,3120.972
-4.959,20.300,3.372,3.408,3.405,3.408,3.411,3.414,3121.997
-4.960,20.290,3.372,3.408,3.405,3.408,3.411,3.414,3123.019
-4.947,20.290,3.372,3.407,3.404,3.407,3.410,3.414,3124.042
-4.947,20.290,3.372,3.408,3.404,3.407,3.410,3.413,3125.065
-4.947,20.280,3.371,3.407,3.404,3.407,3.410,3.413,3126.088
-4.942,20.280,3.371,3.407,3.404,3.407,3.409,3.413,3127.110
-4.947,20.280,3.370,3.407,3.403,3.406,3.409,3.412,3128.132
-4.947,20.280,3.370,3.406,3.403,3.406,3.409,3.412,3129.154
-4.951,20.280,3.370,3.406,3.403,3.406,3.409,3.412,3130.176
-4.957,20.280,3.370,3.406,3.402,3.405,3.409,3.412,3131.199
-4.957,20.270,3.369,3.406,3.402,3.405,3.408,3.411,3132.224
-4.954,20.270,3.369,3.405,3.402,3.405,3.408,3.411,3133.246
-4.951,20.270,3.369,3.405,3.402,3.404,3.408,3.410,3134.269
-4.944,20.270,3.369,3.405,3.401,3.404,3.407,3.410,3135.291
-4.944,20.270,3.369,3.404,3.401,3.404,3.407,3.410,3136.314
-4.947,20.270,3.368,3.404,3.401,3.404,3.407,3.410,3137.337
-4.945,20.260,3.368,3.404,3.401,3.403,3.406,3.410,3138.360
-4.953,20.260,3.367,3.403,3.400,3.403,3.406,3.409,3139.382
-4.945,20.260,3.367,3.403,3.400,3.403,3.406,3.409,3140.405
-4.947,20.260,3.367,3.403,3.400,3.402,3.406,3.409,3141.428
-4.945,20.250,3.367,3.403,3.399,3.402,3.405,3.409,3142.453
-4.945,20.260,3.366,3.402,3.399,3.402,3.405,3.408,3143.475
-4.948,20.260,3.366,3.402,3.399,3.402,3.405,3.408,3144.497
-4.956,20.250,3.366,3.402,3.399,3.402,3.405,3.407,3145.520
-4.957,20.250,3.365,3.402,3.398,3.401,3.404,3.407,3146.543
-4.947,20.250,3.365,3.401,3.398,3.401,3.404,3.407,3147.566
-4.947,20.240,3.365,3.401,3.398,3.401,3.403,3.407,3148.589
-4.944,20.240,3.365,3.401,3.397,3.400,3.403,3.406,3149.611
-4.950,20.240,3.364,3.400,3.397,3.400,3.403,3.406,3150.633
-4.947,20.240,3.364,3.400,3.397,3.400,3.403,3.406,3151.656
-4.945,20.240,3.364,3.400,3.397,3.399,3.402,3.405,3152.681
-4.945,20.240,3.363,3.400,3.396,3.399,3.402,3.405,3153.703
-4.951,20.240,3.363,3.400,3.396,3.399,3.402,3.405,3154.726
-4.945,20.230,3.363,3.399,3.395,3.398,3.402,3.405,3155.748
-4.944,20.230,3.363,3.399,3.395,3.398,3.401,3.404,3156.770
-4.942,20.240,3.362,3.398,3.395,3.398,3.401,3.404,3157.793
-4.948,20.230,3.362,3.398,3.395,3.398,3.401,3.404,3158.815
-4.948,20.240,3.362,3.398,3.395,3.397,3.400,3.403,3159.837
-4.944,20.240,3.362,3.397,3.395,3.397,3.400,3.403,3160.859
-4.953,20.230,3.361,3.397,3.394,3.397,3.400,3.403,3161.881
-4.948,20.220,3.361,3.397,3.394,3.397,3.399,3.403,3162.906
-4.948,20.220,3.361,3.397,3.394,3.396,3.399,3.402,3163.929
-4.951,20.220,3.360,3.396,3.393,3.396,3.399,3.402,3164.952
-4.942,20.220,3.360,3.396,3.393,3.396,3.399,3.402,3165.975
-4.945,20.220,3.360,3.396,3.393,3.395,3.398,3.401,3166.997
-4.948,20.210,3.360,3.395,3.392,3.395,3.398,3.401,3168.019
-4.959,20.210,3.359,3.395,3.392,3.395,3.398,3.401,3169.042
-4.950,20.220,3.359,3.395,3.392,3.395,3.397,3.401,3170.064
-4.948,20.210,3.358,3.394,3.391,3.394,3.397,3.400,3171.087
-4.944,20.210,3.358,3.395,3.391,3.394,3.397,3.400,3172.110
-4.944,20.210,3.358,3.394,3.391,3.394,3.397,3.400,3173.135
-4.950,20.200,3.358,3.394,3.390,3.393,3.396,3.399,3174.157
-4.944,20.200,3.358,3.394,3.390,3.393,3.396,3.399,3175.180
-4.948,20.200,3.357,3.393,3.390,3.393,3.396,3.399,3176.203
-4.941,20.200,3.357,3.393,3.390,3.393,3.395,3.398,3177.225
-4.951,20.200,3.356,3.392,3.390,3.392,3.395,3.398,3178.247
-4.948,20.190,3.356,3.392,3.389,3.392,3.395,3.398,3179.270
-4.950,20.200,3.356,3.392,3.389,3.391,3.395,3.398,3180.291
-4.947,20.200,3.356,3.392,3.389,3.391,3.394,3.397,3181.314
-4.957,20.190,3.355,3.391,3.388,3.391,3.394,3.397,3182.336
-4.948,20.190,3.355,3.391,3.388,3.391,3.394,3.397,3183.360
-4.947,20.190,3.355,3.391,3.387,3.390,3.394,3.396,3184.382
-4.947,20.200,3.354,3.391,3.387,3.390,3.393,3.396,3185.405
-4.948,20.180,3.354,3.390,3.387,3.390,3.393,3.396,3186.427
-4.945,20.190,3.354,3.390,3.387,3.390,3.392,3.396,3187.449
-4.951,20.180,3.354,3.390,3.386,3.389,3.392,3.395,3188.472
-4.951,20.170,3.353,3.390,3.386,3.389,3.392,3.395,3189.494
-4.945,20.180,3.353,3.389,3.386,3.389,3.392,3.395,3190.517
-4.942,20.170,3.353,3.389,3.386,3.388,3.391,3.395,3191.540
-4.957,20.170,3.352,3.388,3.385,3.388,3.391,3.394,3192.563
-4.948,20.180,3.352,3.388,3.385,3.388,3.391,3.394,3193.587
-4.951,20.170,3.352,3.388,3.385,3.387,3.390,3.393,3194.609
-4.948,20.180,3.351,3.388,3.384,3.387,3.390,3.393,3195.632
-4.953,20.170,3.351,3.387,3.384,3.387,3.390,3.393,3196.655
-4.947,20.160,3.351,3.387,3.384,3.386,3.390,3.392,3197.677
-4.942,20.170,3.351,3.387,3.383,3.387,3.390,3.392,3198.700
-4.947,20.160,3.350,3.386,3.383,3.386,3.389,3.392,3199.723
-4.957,20.170,3.350,3.386,3.383,3.386,3.389,3.392,3200.746
-4.951,20.160,3.350,3.386,3.382,3.385,3.388,3.391,3201.769
-4.948,20.150,3.349,3.386,3.382,3.385,3.388,3.391,3202.791
-4.945,20.160,3.349,3.385,3.382,3.385,3.388,3.391,3203.816
-4.945,20.150,3.349,3.385,3.382,3.384,3.387,3.390,3204.839
-4.948,20.150,3.348,3.385,3.381,3.384,3.387,3.390,3205.862
-4.948,20.140,3.348,3.384,3.381,3.384,3.387,3.390,3206.884
-4.951,20.150,3.348,3.384,3.381,3.384,3.387,3.390,3207.906
-4.947,20.140,3.347,3.384,3.380,3.383,3.386,3.389,3208.928
-4.948,20.140,3.347,3.383,3.380,3.383,3.386,3.389,3209.951
-4.950,20.150,3.347,3.383,3.380,3.383,3.386,3.389,3210.974
-4.948,20.130,3.346,3.383,3.379,3.382,3.385,3.388,3211.995
-4.942,20.140,3.346,3.382,3.379,3.382,3.385,3.388,3213.017
-4.951,20.140,3.346,3.382,3.379,3.382,3.385,3.388,3214.042
-4.954,20.130,3.346,3.382,3.378,3.381,3.384,3.387,3215.064
-4.960,20.130,3.345,3.381,3.378,3.381,3.384,3.387,3216.086
-4.951,20.130,3.345,3.381,3.378,3.381,3.384,3.387,3217.108
-4.953,20.130,3.345,3.381,3.377,3.380,3.383,3.387,3218.130
-4.945,20.120,3.344,3.381,3.377,3.380,3.383,3.386,3219.153
-4.948,20.120,3.344,3.380,3.377,3.380,3.382,3.386,3220.176
-4.951,20.120,3.344,3.380,3.377,3.380,3.383,3.386,3221.199
-4.950,20.120,3.343,3.380,3.376,3.380,3.382,3.385,3222.222
-4.947,20.110,3.343,3.380,3.376,3.379,3.382,3.385,3223.245
-4.947,20.120,3.343,3.379,3.376,3.378,3.382,3.385,3224.269
-4.948,20.110,3.342,3.379,3.375,3.378,3.381,3.385,3225.291
-4.948,20.120,3.342,3.378,3.375,3.378,3.381,3.384,3226.313
-4.948,20.110,3.341,3.377,3.375,3.378,3.381,3.384,3227.336
-4.948,20.110,3.342,3.378,3.375,3.377,3.380,3.383,3228.358
-4.944,20.110,3.341,3.377,3.374,3.377,3.380,3.383,3229.381
-4.947,20.100,3.341,3.377,3.374,3.377,3.380,3.383,3230.404
-4.950,20.100,3.341,3.377,3.374,3.377,3.379,3.382,3231.427
-4.947,20.100,3.341,3.377,3.373,3.376,3.379,3.382,3232.450
-4.945,20.100,3.340,3.376,3.373,3.376,3.379,3.382,3233.473
-4.947,20.100,3.340,3.376,3.373,3.375,3.379,3.381,3234.496
-4.947,20.090,3.339,3.376,3.372,3.375,3.378,3.381,3235.518
-4.947,20.100,3.339,3.375,3.372,3.375,3.378,3.381,3236.541
-4.945,20.090,3.339,3.375,3.371,3.374,3.378,3.380,3237.564
-4.959,20.090,3.338,3.375,3.371,3.374,3.377,3.380,3238.586
-4.959,20.090,3.338,3.374,3.371,3.374,3.377,3.380,3239.608
-4.944,20.090,3.338,3.374,3.370,3.373,3.377,3.379,3240.631
-4.942,20.090,3.337,3.374,3.370,3.373,3.376,3.379,3241.653
-4.948,20.090,3.337,3.373,3.370,3.373,3.376,3.379,3242.676
-4.950,20.080,3.337,3.373,3.370,3.373,3.376,3.379,3243.699
-4.947,20.080,3.336,3.373,3.369,3.373,3.375,3.378,3244.723
-4.951,20.080,3.336,3.372,3.369,3.372,3.375,3.378,3245.745
-4.950,20.080,3.336,3.372,3.369,3.372,3.375,3.377,3246.767
-4.945,20.080,3.335,3.372,3.368,3.371,3.375,3.377,3247.790
-4.947,20.080,3.335,3.371,3.368,3.371,3.374,3.377,3248.812
-4.948,20.070,3.335,3.371,3.368,3.371,3.374,3.377,3249.835
-4.942,20.070,3.334,3.371,3.367,3.370,3.373,3.376,3250.858
-4.945,20.060,3.334,3.370,3.367,3.370,3.373,3.376,3251.881
-4.945,20.070,3.334,3.370,3.367,3.370,3.373,3.376,3252.904
-4.944,20.060,3.333,3.370,3.366,3.369,3.372,3.375,3253.926
-4.947,20.060,3.333,3.370,3.366,3.369,3.372,3.375,3254.951
-4.944,20.060,3.333,3.369,3.366,3.369,3.372,3.375,3255.974
-4.948,20.070,3.333,3.369,3.365,3.368,3.371,3.374,3256.996
-4.944,20.060,3.332,3.368,3.365,3.368,3.371,3.374,3258.018
-4.947,20.050,3.332,3.368,3.365,3.368,3.371,3.374,3259.040
-4.948,20.050,3.332,3.368,3.365,3.367,3.370,3.373,3260.062
-4.951,20.050,3.331,3.368,3.364,3.367,3.370,3.373,3261.085
-4.963,20.060,3.331,3.367,3.364,3.367,3.370,3.372,3262.107
-4.954,20.050,3.331,3.367,3.363,3.366,3.369,3.372,3263.129
-4.950,20.040,3.330,3.366,3.363,3.366,3.369,3.372,3264.151
-4.947,20.040,3.330,3.366,3.363,3.366,3.369,3.372,3265.176
-4.950,20.040,3.330,3.366,3.362,3.365,3.368,3.372,3266.198
-4.945,20.040,3.329,3.365,3.362,3.365,3.368,3.371,3267.220
-4.950,20.040,3.329,3.365,3.362,3.365,3.368,3.371,3268.242
-4.947,20.040,3.329,3.365,3.361,3.365,3.367,3.370,3269.265
-4.948,20.040,3.328,3.364,3.361,3.364,3.367,3.370,3270.288
-4.947,20.010,3.328,3.364,3.361,3.364,3.367,3.370,3271.311
-4.947,20.020,3.328,3.364,3.360,3.363,3.367,3.369,3272.332
-4.945,20.020,3.327,3.364,3.360,3.363,3.366,3.369,3273.354
-4.947,20.020,3.327,3.363,3.360,3.363,3.366,3.369,3274.376
-4.950,20.020,3.326,3.363,3.359,3.363,3.366,3.368,3275.401
-4.945,20.010,3.326,3.363,3.359,3.362,3.365,3.368,3276.423
-4.945,20.010,3.326,3.362,3.359,3.362,3.365,3.368,3277.446
-4.945,20.020,3.326,3.362,3.358,3.361,3.364,3.367,3278.468
-4.953,20.010,3.325,3.361,3.358,3.361,3.364,3.367,3279.491
-4.956,20.010,3.325,3.361,3.357,3.361,3.364,3.366,3280.514
-4.950,20.010,3.325,3.360,3.357,3.360,3.364,3.366,3281.537
-4.947,20.000,3.324,3.360,3.357,3.360,3.363,3.366,3282.560
-4.950,20.000,3.323,3.360,3.356,3.360,3.363,3.366,3283.582
-4.950,20.000,3.323,3.360,3.356,3.359,3.363,3.365,3284.604
-4.953,20.000,3.323,3.360,3.356,3.359,3.362,3.365,3285.630
-4.960,19.990,3.323,3.359,3.356,3.358,3.362,3.365,3286.652
-4.956,19.990,3.322,3.358,3.355,3.358,3.361,3.364,3287.674
-4.948,19.990,3.322,3.358,3.355,3.358,3.361,3.364,3288.696
-4.951,19.990,3.321,3.358,3.355,3.358,3.360,3.363,3289.718
-4.950,19.990,3.321,3.358,3.354,3.357,3.360,3.363,3290.741
-4.948,19.980,3.321,3.357,3.354,3.357,3.360,3.363,3291.763
-4.948,19.980,3.321,3.357,3.353,3.357,3.360,3.362,3292.785
-4.950,19.990,3.320,3.357,3.353,3.356,3.359,3.362,3293.807
-4.944,19.980,3.320,3.356,3.353,3.356,3.359,3.362,3294.830
-4.947,19.970,3.320,3.356,3.352,3.355,3.359,3.361,3295.855
-4.947,19.970,3.319,3.355,3.352,3.355,3.358,3.361,3296.877
-4.947,19.980,3.319,3.355,3.352,3.355,3.358,3.361,3297.900
-4.947,19.970,3.319,3.355,3.352,3.355,3.358,3.360,3298.923
-4.948,19.960,3.319,3.355,3.351,3.353,3.357,3.360,3299.944
-4.948,19.970,3.318,3.354,3.351,3.354,3.357,3.360,3300.967
-4.953,19.960,3.318,3.354,3.350,3.353,3.356,3.359,3301.989
-4.948,19.960,3.317,3.353,3.350,3.353,3.356,3.359,3303.012
-4.950,19.960,3.317,3.353,3.350,3.353,3.356,3.358,3304.035
-4.945,19.960,3.316,3.353,3.349,3.353,3.355,3.358,3305.058
-4.942,19.950,3.316,3.353,3.349,3.352,3.355,3.358,3306.083
-4.945,19.950,3.316,3.352,3.349,3.352,3.355,3.358,3307.105
-4.944,19.950,3.315,3.352,3.348,3.351,3.354,3.357,3308.128
-4.960,19.950,3.315,3.351,3.348,3.351,3.354,3.357,3309.151
-4.963,19.950,3.314,3.351,3.347,3.350,3.354,3.357,3310.174
-4.945,19.950,3.314,3.350,3.347,3.350,3.353,3.356,3311.197
-4.950,19.940,3.314,3.350,3.347,3.350,3.353,3.355,3312.220
-4.948,19.960,3.314,3.350,3.346,3.350,3.353,3.355,3313.242
-4.947,19.940,3.313,3.349,3.346,3.349,3.352,3.355,3314.265
-4.951,19.940,3.313,3.349,3.346,3.349,3.352,3.355,3315.288
-4.950,19.940,3.312,3.349,3.345,3.348,3.352,3.354,3316.313
-4.944,19.930,3.312,3.348,3.345,3.348,3.351,3.354,3317.335
-4.945,19.930,3.312,3.348,3.345,3.348,3.351,3.354,3318.358
-4.944,19.930,3.311,3.348,3.344,3.348,3.351,3.353,3319.379
-4.947,19.930,3.311,3.347,3.344,3.347,3.350,3.353,3320.401
-4.945,19.930,3.311,3.347,3.344,3.347,3.350,3.353,3321.423
-4.948,19.920,3.310,3.347,3.343,3.346,3.349,3.352,3322.446
-4.947,19.920,3.310,3.346,3.343,3.346,3.349,3.352,3323.468
-4.942,19.920,3.310,3.346,3.342,3.346,3.349,3.351,3324.491
-4.945,19.910,3.309,3.345,3.342,3.345,3.348,3.351,3325.514
-4.948,19.920,3.309,3.345,3.342,3.345,3.348,3.350,3326.539
-4.948,19.910,3.309,3.345,3.341,3.344,3.348,3.350,3327.561
-4.942,19.910,3.308,3.345,3.341,3.344,3.347,3.350,3328.585
-4.947,19.910,3.308,3.344,3.340,3.344,3.347,3.349,3329.607
-4.947,19.910,3.307,3.344,3.340,3.343,3.347,3.349,3330.629
-4.948,19.900,3.307,3.343,3.340,3.343,3.346,3.349,3331.651
-4.960,19.900,3.306,3.343,3.340,3.343,3.345,3.348,3332.674
-4.962,19.900,3.306,3.343,3.339,3.342,3.345,3.348,3333.696
-4.944,19.900,3.306,3.342,3.338,3.342,3.345,3.348,3334.718
-4.944,19.890,3.305,3.342,3.338,3.341,3.345,3.347,3335.741
-4.944,19.890,3.305,3.341,3.338,3.341,3.344,3.347,3336.766
-4.950,19.890,3.305,3.341,3.338,3.341,3.344,3.346,3337.788
-4.948,19.900,3.304,3.341,3.337,3.341,3.344,3.346,3338.810
-4.948,19.890,3.304,3.340,3.337,3.340,3.343,3.346,3339.832
-4.945,19.880,3.304,3.340,3.336,3.340,3.343,3.345,3340.855
-4.948,19.880,3.303,3.340,3.336,3.339,3.343,3.345,3341.877
-4.948,19.880,3.303,3.339,3.336,3.339,3.342,3.345,3342.900
-4.947,19.890,3.303,3.339,3.335,3.338,3.342,3.344,3343.923
-4.953,19.870,3.302,3.339,3.335,3.338,3.341,3.344,3344.946
-4.951,19.880,3.302,3.338,3.335,3.338,3.341,3.344,3345.969
-4.944,19.880,3.301,3.338,3.334,3.337,3.341,3.343,3346.992
-4.947,19.860,3.301,3.338,3.334,3.337,3.340,3.343,3348.014
-4.947,19.870,3.301,3.337,3.334,3.337,3.340,3.342,3349.036
-4.948,19.860,3.300,3.337,3.333,3.336,3.340,3.342,3350.058
-4.945,19.860,3.300,3.337,3.333,3.336,3.339,3.342,3351.082
-4.939,19.860,3.300,3.336,3.333,3.336,3.339,3.341,3352.105
-4.947,19.860,3.299,3.336,3.332,3.335,3.338,3.341,3353.127
-4.945,19.850,3.299,3.335,3.332,3.335,3.338,3.341,3354.149
-4.950,19.850,3.298,3.335,3.331,3.334,3.338,3.340,3355.171
-4.957,19.850,3.298,3.334,3.331,3.334,3.337,3.340,3356.193
-4.959,19.850,3.298,3.334,3.331,3.334,3.337,3.339,3357.218
-4.950,19.850,3.297,3.334,3.330,3.333,3.337,3.339,3358.240
-4.947,19.840,3.297,3.333,3.330,3.333,3.336,3.339,3359.263
-4.947,19.840,3.297,3.333,3.329,3.333,3.336,3.338,3360.286
-4.951,19.830,3.296,3.333,3.329,3.332,3.336,3.338,3361.309
-4.947,19.830,3.296,3.332,3.328,3.332,3.335,3.338,3362.332
-4.956,19.840,3.295,3.332,3.328,3.331,3.335,3.337,3363.354
-4.945,19.830,3.295,3.331,3.328,3.331,3.334,3.337,3364.376
-4.954,19.830,3.295,3.331,3.328,3.331,3.334,3.336,3365.399
-4.945,19.830,3.294,3.330,3.327,3.330,3.334,3.336,3366.422
-4.948,19.830,3.294,3.330,3.327,3.330,3.333,3.336,3367.447
-4.948,19.820,3.293,3.330,3.326,3.329,3.333,3.335,3368.470
-4.953,19.820,3.294,3.329,3.326,3.329,3.333,3.335,3369.493
-4.948,19.820,3.293,3.329,3.326,3.329,3.332,3.335,3370.516
-4.951,19.810,3.292,3.329,3.325,3.328,3.332,3.334,3371.537
-4.948,19.810,3.292,3.328,3.325,3.328,3.331,3.333,3372.559
-4.950,19.810,3.292,3.328,3.324,3.328,3.331,3.333,3373.582
-4.948,19.830,3.291,3.328,3.324,3.327,3.331,3.333,3374.605
-4.948,19.800,3.291,3.327,3.323,3.327,3.330,3.333,3375.628
-4.942,19.810,3.290,3.327,3.323,3.326,3.330,3.332,3376.651
-4.945,19.800,3.290,3.326,3.323,3.326,3.329,3.332,3377.675
-4.953,19.800,3.290,3.326,3.322,3.326,3.329,3.331,3378.698
-4.957,19.800,3.290,3.326,3.322,3.325,3.329,3.330,3379.721
-4.956,19.800,3.289,3.325,3.321,3.325,3.328,3.331,3380.743
-4.945,19.800,3.288,3.325,3.321,3.325,3.328,3.330,3381.765
-4.947,19.790,3.288,3.324,3.321,3.324,3.327,3.330,3382.788
-4.948,19.790,3.288,3.324,3.321,3.324,3.327,3.329,3383.811
-4.950,19.790,3.287,3.324,3.320,3.323,3.327,3.329,3384.834
-4.951,19.780,3.287,3.323,3.320,3.323,3.326,3.329,3385.857
-4.950,19.780,3.287,3.323,3.319,3.323,3.326,3.328,3386.880
-4.950,19.780,3.287,3.323,3.319,3.322,3.326,3.328,3387.904
-4.945,19.780,3.286,3.322,3.319,3.322,3.325,3.327,3388.926
-4.947,19.770,3.285,3.322,3.318,3.321,3.325,3.327,3389.948
-4.950,19.770,3.285,3.321,3.318,3.321,3.324,3.327,3390.971
-4.945,19.780,3.285,3.321,3.317,3.321,3.324,3.326,3391.994
-4.947,19.770,3.284,3.321,3.317,3.320,3.323,3.326,3393.016
-4.944,19.770,3.284,3.320,3.316,3.320,3.323,3.326,3394.039
-4.948,19.760,3.284,3.320,3.316,3.320,3.323,3.325,3395.062
-4.950,19.760,3.283,3.319,3.316,3.319,3.322,3.324,3396.085
-4.945,19.760,3.283,3.319,3.316,3.319,3.322,3.324,3397.107
-4.948,19.750,3.282,3.319,3.315,3.318,3.321,3.324,3398.132
-4.956,19.760,3.282,3.318,3.314,3.318,3.321,3.323,3399.154
-4.947,19.750,3.281,3.318,3.314,3.317,3.321,3.323,3400.176
-4.947,19.750,3.281,3.317,3.314,3.317,3.320,3.323,3401.199
-4.954,19.750,3.281,3.317,3.313,3.317,3.320,3.322,3402.222
-4.956,19.740,3.280,3.316,3.313,3.316,3.320,3.322,3403.245
-4.954,19.750,3.280,3.316,3.312,3.316,3.319,3.321,3404.266
-4.951,19.740,3.279,3.316,3.312,3.315,3.318,3.321,3405.289
-4.951,19.740,3.278,3.314,3.312,3.315,3.318,3.321,3406.312
-4.948,19.740,3.279,3.315,3.311,3.315,3.318,3.320,3407.334
-4.947,19.740,3.279,3.315,3.311,3.314,3.318,3.320,3408.358
-4.947,19.730,3.278,3.314,3.311,3.314,3.317,3.319,3409.379
-4.956,19.730,3.277,3.314,3.310,3.314,3.317,3.319,3410.402
-4.942,19.720,3.277,3.313,3.310,3.313,3.316,3.318,3411.424
-4.947,19.720,3.277,3.313,3.309,3.313,3.316,3.318,3412.447
-4.945,19.720,3.276,3.313,3.309,3.312,3.316,3.318,3413.470
-4.947,19.710,3.276,3.312,3.309,3.312,3.315,3.317,3414.493
-4.948,19.720,3.275,3.312,3.308,3.311,3.315,3.317,3415.516
-4.947,19.710,3.275,3.311,3.308,3.311,3.314,3.317,3416.538
-4.944,19.710,3.274,3.311,3.307,3.311,3.314,3.316,3417.561
-4.945,19.710,3.274,3.311,3.307,3.310,3.314,3.316,3418.586
-4.948,19.700,3.274,3.310,3.306,3.310,3.313,3.315,3419.608
-4.944,19.700,3.273,3.310,3.306,3.309,3.313,3.315,3420.631
-4.944,19.700,3.273,3.309,3.306,3.309,3.312,3.314,3421.654
-4.948,19.700,3.272,3.309,3.305,3.309,3.312,3.314,3422.677
-4.950,19.700,3.272,3.308,3.305,3.308,3.311,3.314,3423.698
-4.948,19.690,3.272,3.308,3.304,3.308,3.311,3.313,3424.721
-4.945,19.680,3.271,3.307,3.304,3.307,3.311,3.313,3425.744
-4.957,19.690,3.271,3.307,3.303,3.307,3.310,3.312,3426.766
-4.960,19.680,3.270,3.306,3.303,3.306,3.310,3.312,3427.789
-4.948,19.680,3.270,3.306,3.303,3.306,3.309,3.311,3428.814
-4.947,19.680,3.269,3.306,3.302,3.306,3.309,3.311,3429.836
-4.948,19.680,3.269,3.305,3.302,3.305,3.308,3.311,3430.858
-4.945,19.680,3.269,3.305,3.301,3.305,3.308,3.310,3431.881
-4.947,19.670,3.268,3.305,3.301,3.304,3.308,3.310,3432.903
-4.951,19.670,3.268,3.304,3.301,3.304,3.307,3.309,3433.926
-4.951,19.660,3.267,3.304,3.300,3.303,3.307,3.309,3434.949
-4.950,19.680,3.267,3.303,3.300,3.303,3.306,3.308,3435.972
-4.945,19.660,3.267,3.303,3.299,3.303,3.306,3.308,3436.995
-4.950,19.670,3.266,3.302,3.299,3.302,3.305,3.307,3438.018
-4.947,19.660,3.266,3.302,3.298,3.302,3.305,3.307,3439.042
-4.948,19.650,3.265,3.301,3.298,3.301,3.304,3.307,3440.064
-4.948,19.650,3.265,3.301,3.297,3.301,3.304,3.306,3441.087
-4.950,19.650,3.264,3.301,3.297,3.300,3.304,3.306,3442.110
-4.950,19.650,3.264,3.300,3.296,3.300,3.303,3.305,3443.133
-4.945,19.650,3.263,3.300,3.296,3.300,3.303,3.305,3444.154
-4.951,19.640,3.263,3.299,3.296,3.299,3.303,3.305,3445.176
-4.947,19.640,3.262,3.299,3.295,3.299,3.302,3.304,3446.198
-4.948,19.630,3.262,3.298,3.295,3.298,3.301,3.304,3447.221
-4.947,19.630,3.262,3.298,3.294,3.298,3.301,3.303,3448.243
-4.948,19.640,3.261,3.298,3.294,3.298,3.301,3.303,3449.268
-4.963,19.630,3.261,3.297,3.293,3.297,3.300,3.302,3450.290
-4.953,19.630,3.260,3.296,3.293,3.296,3.300,3.302,3451.312
-4.950,19.620,3.260,3.296,3.293,3.296,3.299,3.301,3452.334
-4.950,19.620,3.259,3.296,3.292,3.296,3.299,3.301,3453.356
-4.950,19.620,3.259,3.295,3.292,3.295,3.299,3.301,3454.378
-4.953,19.620,3.259,3.295,3.291,3.294,3.298,3.300,3455.400
-4.948,19.610,3.258,3.294,3.291,3.294,3.297,3.299,3456.423
-4.950,19.610,3.258,3.294,3.290,3.294,3.297,3.299,3457.446
-4.957,19.610,3.257,3.293,3.290,3.293,3.296,3.299,3458.467
-4.953,19.600,3.257,3.293,3.289,3.293,3.296,3.298,3459.491
-4.945,19.600,3.256,3.293,3.289,3.292,3.295,3.298,3460.514
-4.947,19.600,3.256,3.292,3.289,3.292,3.295,3.297,3461.537
-4.950,19.590,3.255,3.291,3.288,3.291,3.295,3.297,3462.559
-4.951,19.590,3.255,3.291,3.287,3.291,3.294,3.296,3463.581
-4.947,19.590,3.254,3.291,3.287,3.290,3.294,3.296,3464.603
-4.948,19.590,3.254,3.290,3.287,3.290,3.294,3.295,3465.625
-4.953,19.590,3.253,3.289,3.286,3.289,3.293,3.295,3466.648
-4.951,19.580,3.253,3.289,3.285,3.289,3.292,3.294,3467.671
-4.948,19.580,3.252,3.288,3.285,3.289,3.292,3.294,3468.693
-4.944,19.580,3.252,3.288,3.285,3.288,3.291,3.293,3469.718
-4.941,19.560,3.252,3.287,3.284,3.288,3.291,3.293,3470.740
-4.947,19.570,3.251,3.287,3.284,3.287,3.290,3.292,3471.762
-4.941,19.570,3.250,3.287,3.283,3.287,3.290,3.292,3472.784
-4.957,19.560,3.250,3.286,3.283,3.286,3.289,3.291,3473.806
-4.953,19.560,3.249,3.285,3.282,3.286,3.289,3.291,3474.828
-4.945,19.550,3.249,3.285,3.281,3.285,3.288,3.290,3475.851
-4.944,19.560,3.249,3.285,3.281,3.285,3.288,3.290,3476.874
-4.945,19.550,3.248,3.284,3.281,3.284,3.287,3.289,3477.896
-4.945,19.540,3.247,3.284,3.280,3.282,3.287,3.289,3478.918
-4.947,19.540,3.247,3.283,3.280,3.283,3.286,3.288,3479.943
-4.947,19.540,3.246,3.283,3.279,3.282,3.286,3.288,3480.965
-4.947,19.540,3.246,3.282,3.279,3.282,3.285,3.287,3481.988
-4.944,19.530,3.245,3.281,3.278,3.282,3.285,3.286,3483.011
-4.948,19.530,3.245,3.281,3.277,3.281,3.284,3.286,3484.033
-4.950,19.530,3.245,3.281,3.277,3.280,3.284,3.286,3485.055
-4.945,19.530,3.244,3.280,3.277,3.280,3.283,3.285,3486.078
-4.945,19.520,3.243,3.280,3.276,3.279,3.283,3.285,3487.100
-4.948,19.520,3.243,3.279,3.275,3.279,3.282,3.284,3488.122
-4.947,19.520,3.242,3.279,3.275,3.279,3.282,3.284,3489.145
-4.956,19.510,3.242,3.278,3.274,3.278,3.281,3.283,3490.170
-4.950,19.510,3.241,3.277,3.274,3.277,3.281,3.283,3491.192
-4.948,19.510,3.241,3.277,3.273,3.277,3.280,3.282,3492.215
-4.942,19.510,3.240,3.276,3.273,3.277,3.279,3.282,3493.238
-4.945,19.500,3.240,3.276,3.272,3.276,3.279,3.281,3494.260
-4.945,19.500,3.239,3.275,3.272,3.275,3.279,3.280,3495.282
-4.945,19.500,3.239,3.275,3.271,3.275,3.278,3.280,3496.304
-4.957,19.490,3.238,3.274,3.271,3.274,3.278,3.279,3497.327
-4.951,19.490,3.237,3.273,3.270,3.274,3.277,3.279,3498.350
-4.944,19.490,3.237,3.273,3.269,3.273,3.276,3.278,3499.373
-4.945,19.480,3.237,3.273,3.269,3.273,3.276,3.278,3500.398
-4.945,19.480,3.236,3.272,3.268,3.272,3.275,3.277,3501.420
-4.948,19.480,3.235,3.272,3.268,3.272,3.275,3.277,3502.443
-4.954,19.470,3.235,3.271,3.267,3.271,3.274,3.276,3503.466
-4.947,19.470,3.234,3.270,3.267,3.271,3.274,3.275,3504.488
-4.947,19.470,3.234,3.270,3.266,3.270,3.273,3.275,3505.510
-4.950,19.460,3.233,3.269,3.266,3.269,3.273,3.274,3506.532
-4.945,19.460,3.233,3.269,3.265,3.269,3.272,3.274,3507.554
-4.942,19.460,3.232,3.268,3.265,3.269,3.272,3.273,3508.577
-4.947,19.450,3.231,3.268,3.264,3.268,3.271,3.273,3509.600
-4.948,19.450,3.231,3.267,3.264,3.267,3.270,3.272,3510.625
-4.945,19.450,3.230,3.266,3.263,3.267,3.270,3.272,3511.647
-4.950,19.450,3.230,3.266,3.262,3.266,3.269,3.271,3512.670
-4.948,19.440,3.229,3.266,3.262,3.265,3.269,3.271,3513.692
-4.954,19.440,3.229,3.265,3.262,3.265,3.268,3.269,3514.714
-4.945,19.430,3.228,3.264,3.261,3.264,3.268,3.269,3515.736
-4.945,19.440,3.228,3.264,3.260,3.264,3.267,3.269,3516.758
-4.953,19.430,3.227,3.263,3.260,3.263,3.267,3.268,3517.781
-4.948,19.420,3.226,3.263,3.259,3.263,3.266,3.268,3518.804
-4.945,19.420,3.226,3.262,3.258,3.262,3.265,3.267,3519.827
-4.959,19.420,3.225,3.262,3.258,3.262,3.265,3.266,3520.852
-4.950,19.420,3.224,3.261,3.257,3.261,3.264,3.266,3521.875
-4.948,19.410,3.224,3.261,3.257,3.260,3.264,3.265,3522.898
-4.948,19.410,3.223,3.260,3.256,3.260,3.263,3.265,3523.921
-4.951,19.400,3.223,3.259,3.256,3.259,3.263,3.264,3524.944
-4.948,19.390,3.223,3.259,3.255,3.259,3.262,3.263,3525.966
-4.947,19.400,3.222,3.258,3.255,3.258,3.262,3.263,3526.989
-4.950,19.390,3.221,3.257,3.254,3.257,3.261,3.262,3528.011
-4.948,19.390,3.221,3.257,3.253,3.257,3.260,3.262,3529.033
-4.945,19.380,3.220,3.256,3.253,3.256,3.260,3.261,3530.056
-4.939,19.390,3.219,3.256,3.252,3.256,3.259,3.260,3531.080
-4.947,19.380,3.219,3.255,3.252,3.255,3.259,3.260,3532.103
-4.951,19.370,3.218,3.255,3.251,3.255,3.258,3.259,3533.125
-4.950,19.380,3.218,3.254,3.250,3.254,3.258,3.259,3534.147
-4.948,19.360,3.217,3.253,3.250,3.254,3.257,3.258,3535.170
-4.953,19.360,3.217,3.253,3.249,3.253,3.256,3.258,3536.193
-4.950,19.360,3.216,3.252,3.249,3.252,3.256,3.257,3537.215
-4.954,19.360,3.215,3.252,3.248,3.252,3.255,3.256,3538.237
-4.953,19.350,3.215,3.251,3.248,3.251,3.254,3.256,3539.260
-4.953,19.360,3.214,3.250,3.247,3.250,3.254,3.255,3540.283
-4.948,19.350,3.214,3.250,3.246,3.250,3.253,3.254,3541.308
-4.944,19.340,3.213,3.250,3.246,3.250,3.253,3.254,3542.330
-4.954,19.340,3.212,3.249,3.245,3.249,3.252,3.254,3543.353
-4.960,19.340,3.212,3.248,3.244,3.248,3.251,3.253,3544.375
-4.947,19.340,3.211,3.248,3.244,3.248,3.251,3.252,3545.397
-4.945,19.330,3.211,3.247,3.243,3.247,3.250,3.251,3546.420
-4.945,19.330,3.210,3.246,3.242,3.247,3.250,3.251,3547.442
-4.942,19.320,3.209,3.245,3.242,3.246,3.249,3.250,3548.465
-4.945,19.320,3.209,3.245,3.241,3.245,3.249,3.250,3549.488
-4.948,19.310,3.208,3.244,3.240,3.245,3.248,3.249,3550.511
-4.950,19.320,3.208,3.244,3.240,3.244,3.247,3.249,3551.536
-4.945,19.310,3.207,3.243,3.240,3.243,3.247,3.248,3552.558
-4.947,19.310,3.206,3.243,3.239,3.243,3.246,3.247,3553.581
-4.942,19.300,3.206,3.242,3.238,3.242,3.246,3.247,3554.604
-4.942,19.290,3.205,3.242,3.238,3.241,3.245,3.246,3555.626
-4.944,19.300,3.204,3.241,3.237,3.241,3.244,3.245,3556.648
-4.950,19.290,3.204,3.240,3.237,3.240,3.243,3.245,3557.671
-4.947,19.290,3.203,3.240,3.236,3.240,3.243,3.244,3558.694
-4.948,19.290,3.203,3.239,3.235,3.239,3.242,3.243,3559.717
-4.950,19.280,3.202,3.238,3.234,3.238,3.242,3.243,3560.740
-4.947,19.280,3.201,3.238,3.234,3.238,3.241,3.243,3561.764
-4.948,19.290,3.201,3.237,3.234,3.237,3.241,3.242,3562.787
-4.944,19.270,3.200,3.237,3.233,3.237,3.240,3.241,3563.809
-4.944,19.260,3.200,3.236,3.232,3.236,3.240,3.241,3564.831
-4.950,19.270,3.199,3.235,3.232,3.236,3.239,3.240,3565.854
-4.959,19.260,3.198,3.235,3.231,3.235,3.238,3.239,3566.877
-4.954,19.250,3.198,3.234,3.230,3.234,3.237,3.238,3567.900
-4.945,19.250,3.197,3.233,3.230,3.233,3.237,3.238,3568.922
-4.947,19.240,3.196,3.233,3.229,3.233,3.237,3.237,3569.945
-4.954,19.230,3.196,3.232,3.228,3.233,3.236,3.237,3570.968
-4.942,19.240,3.195,3.232,3.228,3.232,3.235,3.236,3571.992
-4.948,19.240,3.195,3.231,3.227,3.231,3.235,3.236,3573.014
-4.951,19.220,3.194,3.230,3.227,3.230,3.234,3.235,3574.036
-4.948,19.230,3.193,3.230,3.226,3.230,3.233,3.234,3575.059
-4.951,19.220,3.193,3.229,3.225,3.229,3.233,3.234,3576.080
-4.945,19.220,3.192,3.229,3.225,3.229,3.232,3.233,3577.102
-4.951,19.220,3.191,3.228,3.224,3.228,3.231,3.233,3578.124
-4.945,19.210,3.191,3.228,3.223,3.227,3.231,3.232,3579.147
-4.947,19.220,3.190,3.227,3.223,3.227,3.230,3.231,3580.170
-4.948,19.210,3.190,3.226,3.223,3.226,3.230,3.231,3581.193
-4.944,19.200,3.189,3.226,3.222,3.225,3.229,3.230,3582.218
-4.944,19.200,3.188,3.225,3.221,3.225,3.228,3.230,3583.240
-4.945,19.190,3.188,3.225,3.220,3.224,3.228,3.229,3584.263
